"par","prediction"
0,0
1,0.155179688730254
2,0.308859469133388
3,0.461058927699986
4,0.611797315147793
5,0.761093553576663
6,0.908966243441359
7,1.05543367034758
8,1.20051381167645
9,1.34422434304245
10,1.48658264458972
11,1.62760580713137
12,1.76731063813638
13,1.90571366756852
14,2.04283115358145
15,2.17867908807417
16,2.31327320211087
17,2.44662897120882
18,2.57876162049828
19,2.70968612975788
20,2.83941723832896
21,2.96796944991233
22,3.09535703725064
23,3.22159404669963
24,3.34669430269113
25,3.4706714120911
26,3.59353876845523
27,3.71530955618514
28,3.83599675458784
29,3.95561314184093
30,4.07417129886628
31,4.19168361311449
32,4.30816228226261
33,4.42361931782737
34,4.53806654869619
35,4.6515156245782
36,4.76397801937723
37,4.87546503448899
38,4.98598780202433
39,5.09555728796045
40,5.20418429522211
41,5.31187946669441
42,5.4186532881692
43,5.52451609122646
44,5.62947805605268
45,5.73354921419755
46,5.83673945127075
47,5.93905850958017
48,6.0405159907132
49,6.14112135806237
50,6.24088393929687
51,6.3398129287812
52,6.4379173899423
53,6.53520625758645
54,6.63168834016714
55,6.7273723220052
56,6.82226676546219
57,6.91638011306844
58,7.00972068960656
59,7.10229670415179
60,7.19411625206995
61,7.28518731697425
62,7.37551777264179
63,7.46511538489082
64,7.55398781341955
65,7.64214261360765
66,7.72958723828107
67,7.81632903944124
68,7.90237526995943
69,7.98773308523694
70,8.07240954483226
71,8.15641161405555
72,8.23974616553156
73,8.32241998073146
74,8.4044397514745
75,8.48581208139998
76,8.56654348741047
77,8.64664040108664
78,8.7261091700746
79,8.80495605944626
80,8.88318725303329
81,8.96080885473537
82,9.03782688980317
83,9.11424730609683
84,9.19007597532025
85,9.26531869423191
86,9.33998118583268
87,9.41406910053106
88,9.48758801728648
89,9.56054344473105
90,9.63294082227024
91,9.70478552116294
92,9.77608284558148
93,9.8468380336518
94,9.91705625847443
95,9.98674262912656
96,10.0559021916457
97,10.1245399299951
98,10.1926607670118
99,10.2602695653371
100,10.3273711283302
101,10.3939702009652
102,10.4600714707121
103,10.5256795684014
104,10.5907990690738
105,10.6554344928142
106,10.719590305571
107,10.7832709199606
108,10.846480696058
109,10.9092239421727
110,10.9715049156118
111,11.0333278234289
112,11.0946968231604
113,11.1556160235481
114,11.2160894852502
115,11.2761212215394
116,11.3357151989887
117,11.3948753381458
118,11.4536055141953
119,11.5119095576102
120,11.5697912547915
121,11.6272543486974
122,11.6843025394614
123,11.7409394850003
124,11.7971688016112
125,11.8529940645593
126,11.9084188086548
127,11.9634465288211
128,12.0180806806525
129,12.0723246809635
130,12.1261819083281
131,12.1796557036105
132,12.2327493704873
133,12.2854661759604
134,12.3378093508621
135,12.3897820903514
136,12.4413875544021
137,12.4926288682837
138,12.5435091230334
139,12.5940313759211
140,12.6441986509068
141,12.6940139390902
142,12.7434801991532
143,12.7926003577959
144,12.8413773101646
145,12.8898139202734
146,12.9379130214196
147,12.9856774165912
148,13.0331098788693
149,13.0802131518232
150,13.1269899498997
151,13.173442958806
152,13.2195748358868
153,13.2653882104954
154,13.3108856843589
155,13.3560698319379
156,13.4009432007803
157,13.4455083118701
158,13.4897676599703
159,13.5337237139606
160,13.5773789171702
161,13.6207356877053
162,13.6637964187716
163,13.7065634789914
164,13.7490392127171
165,13.7912259403383
166,13.8331259585859
167,13.87474154083
168,13.9160749373747
169,13.9571283757476
170,13.997904060985
171,14.0384041759137
172,14.078630881427
173,14.1185863167582
174,14.1582725997492
175,14.197691827115
176,14.2368460747049
177,14.2757373977591
178,14.3143678311624
179,14.3527393896931
180,14.3908540682695
181,14.4287138421914
182,14.4663206673795
183,14.5036764806103
184,14.5407831997477
185,14.5776427239721
186,14.6142569340049
187,14.650627692331
188,14.686756843417
189,14.7226462139272
190,14.7582976129361
191,14.7937128321376
192,14.8288936460516
193,14.8638418122279
194,14.8985590714466
195,14.9330471479157
196,14.9673077494668
197,15.001342567747
198,15.0351532784083
199,15.0687415412953
200,15.1021090006287
201,15.1352572851876
202,15.1681880084889
203,15.2009027689634
204,15.2334031501309
205,15.2656907207713
206,15.297767035095
207,15.3296336329096
208,15.3612920397847
209,15.392743767215
210,15.4239903127804
211,15.4550331603045
212,15.4858737800106
213,15.5165136286755
214,15.5469541497818
215,15.5771967736673
216,15.6072429176734
217,15.6370939862903
218,15.6667513713016
219,15.6962164519254
220,15.7254905949553
221,15.7545751548981
222,15.78347147411
223,15.8121808829318
224,15.8407046998209
225,15.869044231483
226,15.897200773001
227,15.9251756079628
228,15.9529700085871
229,15.9805852358478
230,16.0080225395966
231,16.035283158684
232,16.0623683210788
233,16.0892792439863
234,16.1160171339643
235,16.1425831870382
236,16.1689785888145
237,16.1952045145926
238,16.2212621294754
239,16.2471525884785
240,16.2728770366378
241,16.2984366091158
242,16.3238324313067
243,16.3490656189402
244,16.3741372781832
245,16.3990485057418
246,16.4238003889602
247,16.4483940059199
248,16.4728304255363
249,16.4971107076555
250,16.5212359031485
251,16.5452070540053
252,16.569025193427
253,16.5926913459177
254,16.6162065273741
255,16.6395717451753
256,16.6627879982699
257,16.6858562772638
258,16.7087775645055
259,16.7315528341711
260,16.7541830523479
261,16.7766691771172
262,16.7990121586361
263,16.8212129392182
264,16.8432724534131
265,16.8651916280853
266,16.8869713824923
267,16.908612628361
268,16.9301162699639
269,16.9514832041942
270,16.9727143206396
271,16.993810501656
272,17.0147726224394
273,17.0356015510977
274,17.0562981487214
275,17.0768632694529
276,17.0972977605563
277,17.1176024624846
278,17.137778208948
279,17.1578258269797
280,17.177746137002
281,17.1975399528915
282,17.2172080820428
283,17.2367513254324
284,17.2561704776814
285,17.2754663271174
286,17.2946396558359
287,17.3136912397605
288,17.3326218487033
289,17.351432246424
290,17.3701231906879
291,17.3886954333242
292,17.4071497202831
293,17.4254867916921
294,17.443707381912
295,17.461812219592
296,17.4798020277245
297,17.4976775236987
298,17.5154394193542
299,17.5330884210339
300,17.5506252296356
301,17.5680505406641
302,17.5853650442817
303,17.602569425359
304,17.6196643635245
305,17.6366505332139
306,17.6535286037188
307,17.6702992392349
308,17.6869630989097
309,17.7035208368892
310,17.7199731023652
311,17.7363205396207
312,17.7525637880757
313,17.7687034823321
314,17.7847402522187
315,17.8006747228346
316,17.8165075145932
317,17.8322392432651
318,17.847870520021
319,17.8634019514733
320,17.8788341397184
321,17.8941676823774
322,17.9094031726374
323,17.9245411992914
324,17.9395823467784
325,17.9545271952229
326,17.9693763204737
327,17.9841302941431
328,17.9987896836443
329,18.0133550522299
330,18.0278269590289
331,18.0422059590837
332,18.0564926033869
333,18.0706874389174
334,18.0847910086762
335,18.0988038517217
336,18.112726503205
337,18.1265594944046
338,18.1403033527603
339,18.1539586019078
340,18.1675257617117
341,18.1810053482991
342,18.1943978740925
343,18.2077038478421
344,18.2209237746582
345,18.2340581560431
346,18.2471074899225
347,18.2600722706767
348,18.2729529891719
349,18.28575013279
350,18.2984641854596
351,18.3110956276855
352,18.3236449365785
353,18.3361125858845
354,18.348499046014
355,18.3608047840703
356,18.3730302638781
357,18.3851759460118
358,18.3972422878231
359,18.4092297434687
360,18.4211387639377
361,18.4329697970783
362,18.4447232876247
363,18.4563996772237
364,18.4679994044606
365,18.4795229048854
366,18.4909706110382
367,18.5023429524747
368,18.5136403557916
369,18.5248632446512
370,18.5360120398061
371,18.5470871591236
372,18.5580890176099
373,18.5690180274342
374,18.579874597952
375,18.5906591357288
376,18.6013720445632
377,18.61201372551
378,18.6225845769028
379,18.6330849943767
380,18.6435153708904
381,18.6538760967485
382,18.6641675596233
383,18.6743901445762
384,18.6845442340797
385,18.694630208038
386,18.7046484438085
387,18.7145993162224
388,18.7244831976054
389,18.734300457798
390,18.7440514641758
391,18.7537365816697
392,18.7633561727853
393,18.772910597623
394,18.7824002138971
395,18.7918253769553
396,18.8011864397977
397,18.8104837530955
398,18.8197176652102
399,18.8288885222114
400,18.837996667896
401,18.8470424438056
402,18.8560261892452
403,18.8649482413004
404,18.8738089348555
405,18.8826086026109
406,18.8913475751005
407,18.9000261807085
408,18.9086447456869
409,18.9172035941722
410,18.9257030482017
411,18.9341434277307
412,18.9425250506483
413,18.9508482327942
414,18.959113287974
415,18.9673205279758
416,18.9754702625857
417,18.9835627996036
418,18.9915984448584
419,18.9995775022234
420,19.0075002736317
421,19.0153670590913
422,19.0231781566996
423,19.0309338626586
424,19.0386344712893
425,19.0462802750464
426,19.0538715645326
427,19.0614086285125
428,19.0688917539275
429,19.0763212259091
430,19.0836973277928
431,19.0910203411324
432,19.098290545713
433,19.1055082195647
434,19.1126736389759
435,19.1197870785068
436,19.1268488110023
437,19.1338591076049
438,19.1408182377677
439,19.1477264692674
440,19.1545840682165
441,19.1613912990763
442,19.168148424669
443,19.1748557061901
444,19.1815134032206
445,19.1881217737393
446,19.1946810741344
447,19.2011915592159
448,19.2076534822269
449,19.2140670948554
450,19.220432647246
451,19.2267503880114
452,19.2330205642436
453,19.2392434215251
454,19.2454192039405
455,19.2515481540869
456,19.2576305130856
457,19.2636665205925
458,19.2696564148087
459,19.2756004324921
460,19.2814988089667
461,19.2873517781344
462,19.2931595724843
463,19.2989224231038
464,19.3046405596885
465,19.3103142105523
466,19.3159436026375
467,19.3215289615251
468,19.3270705114439
469,19.3325684752812
470,19.3380230745919
471,19.3434345296083
472,19.3488030592497
473,19.3541288811319
474,19.3594122115763
475,19.3646532656196
476,19.3698522570228
477,19.3750093982802
478,19.3801249006289
479,19.3851989740574
480,19.3902318273145
481,19.3952236679185
482,19.4001747021657
483,19.405085135139
484,19.4099551707167
485,19.4147850115811
486,19.4195748592267
487,19.4243249139688
488,19.4290353749518
489,19.4337064401575
490,19.4383383064131
491,19.4429311693995
492,19.4474852236594
493,19.4520006626051
494,19.4564776785265
495,19.4609164625991
496,19.4653172048913
497,19.469680094373
498,19.4740053189224
499,19.4782930653339
500,19.4825435193258
501,19.4867568655478
502,19.4909332875879
503,19.4950729679803
504,19.4991760882124
505,19.5032428287324
506,19.5072733689558
507,19.5112678872732
508,19.5152265610568
509,19.5191495666679
510,19.5230370794635
511,19.5268892738032
512,19.5307063230561
513,19.5344883996077
514,19.5382356748665
515,19.5419483192704
516,19.5456265022938
517,19.5492703924538
518,19.552880157317
519,19.5564559635054
520,19.5599979767034
521,19.563506361664
522,19.5669812822148
523,19.5704229012646
524,19.5738313808092
525,19.5772068819381
526,19.5805495648402
527,19.5838595888096
528,19.5871371122525
529,19.5903822926921
530,19.5935952867752
531,19.5967762502779
532,19.5999253381112
533,19.603042704327
534,19.6061285021238
535,19.6091828838522
536,19.6122060010207
537,19.6151980043012
538,19.6181590435348
539,19.6210892677367
540,19.6239888251023
541,19.6268578630122
542,19.6296965280379
543,19.6325049659468
544,19.6352833217076
545,19.6380317394956
546,19.6407503626979
547,19.6434393339186
548,19.6460987949838
549,19.6487288869469
550,19.6513297500931
551,19.6539015239453
552,19.6564443472683
553,19.6589583580741
554,19.6614436936265
555,19.6639004904464
556,19.6663288843164
557,19.6687290102851
558,19.6711010026729
559,19.6734449950757
560,19.67576112037
561,19.6780495107176
562,19.6803102975702
563,19.6825436116735
564,19.6847495830725
565,19.6869283411154
566,19.6890800144582
567,19.6912047310694
568,19.6933026182339
569,19.6953738025579
570,19.6974184099727
571,19.6994365657396
572,19.7014283944534
573,19.7033940200475
574,19.7053335657973
575,19.7072471543249
576,19.709134907603
577,19.7109969469591
578,19.7128333930796
579,19.7146443660136
580,19.7164299851773
581,19.7181903693577
582,19.7199256367165
583,19.7216359047945
584,19.7233212905148
585,19.7249819101873
586,19.726617879512
587,19.7282293135834
588,19.7298163268938
589,19.731379033337
590,19.7329175462127
591,19.7344319782293
592,19.7359224415082
593,19.7373890475874
594,19.7388319074247
595,19.7402511314018
596,19.7416468293274
597,19.7430191104412
598,19.7443680834171
599,19.7456938563667
600,19.7469965368429
601,19.7482762318433
602,19.7495330478135
603,19.7507670906508
604,19.751978465707
605,19.7531672777923
606,19.7543336311783
607,19.7554776296016
608,19.7565993762664
609,19.7576989738487
610,19.7587765244986
611,19.7598321298442
612,19.7608658909943
613,19.7618779085419
614,19.762868282567
615,19.7638371126399
616,19.7647844978243
617,19.7657105366803
618,19.7666153272676
619,19.7674989671481
620,19.7683615533893
621,19.7692031825672
622,19.7700239507692
623,19.7708239535969
624,19.7716032861693
625,19.7723620431254
626,19.7731003186274
627,19.7738182063633
628,19.7745157995496
629,19.7751931909346
630,19.7758504728007
631,19.7764877369674
632,19.7771050747941
633,19.7777025771828
634,19.7782803345805
635,19.7788384369825
636,19.7793769739345
637,19.7798960345357
638,19.7803957074411
639,19.7808760808642
640,19.7813372425799
641,19.7817792799267
642,19.7822022798093
643,19.7826063287015
644,19.7829915126484
645,19.7833579172689
646,19.7837056277584
647,19.7840347288913
648,19.7843453050231
649,19.7846374400932
650,19.7849112176273
651,19.7851667207397
652,19.7854040321356
653,19.7856232341137
654,19.7858244085686
655,19.7860076369926
656,19.7861730004789
657,19.7863205797232
658,19.7864504550264
659,19.7865627062965
660,19.7866574130513
661,19.7867346544205
662,19.7867945091478
663,19.7868370555931
664,19.7868623717349
665,19.7868705351727
666,19.7868616231283
667,19.7868357124492
668,19.7867928796095
669,19.786733200713
670,19.7866567514949
671,19.7865636073238
672,19.7864538432041
673,19.7863275337778
674,19.7861847533268
675,19.7860255757747
676,19.785850074689
677,19.7856583232832
678,19.7854503944185
679,19.785226360606
680,19.7849862940089
681,19.7847302664439
682,19.7844583493838
683,19.7841706139589
684,19.7838671309592
685,19.7835479708363
686,19.7832132037054
687,19.7828628993468
688,19.7824971272082
689,19.7821159564064
690,19.7817194557293
691,19.7813076936373
692,19.7808807382656
693,19.780438657426
694,19.7799815186081
695,19.7795093889822
696,19.7790223353998
697,19.7785204243964
698,19.7780037221927
699,19.7774722946965
700,19.7769262075046
701,19.7763655259041
702,19.7757903148745
703,19.7752006390895
704,19.7745965629181
705,19.7739781504268
706,19.7733454653812
707,19.7726985712475
708,19.7720375311942
709,19.7713624080939
710,19.7706732645246
711,19.7699701627715
712,19.7692531648288
713,19.768522332401
714,19.7677777269045
715,19.7670194094695
716,19.7662474409409
717,19.7654618818808
718,19.7646627925691
719,19.7638502330057
720,19.7630242629117
721,19.7621849417311
722,19.7613323286319
723,19.7604664825083
724,19.7595874619816
725,19.7586953254017
726,19.7577901308491
727,19.7568719361356
728,19.7559407988064
729,19.7549967761411
730,19.7540399251556
731,19.7530703026028
732,19.7520879649748
733,19.7510929685038
734,19.7500853691636
735,19.7490652226712
736,19.7480325844876
737,19.7469875098202
738,19.7459300536229
739,19.7448602705984
740,19.7437782151993
741,19.7426839416292
742,19.7415775038442
743,19.7404589555543
744,19.7393283502244
745,19.7381857410761
746,19.7370311810886
747,19.7358647229999
748,19.7346864193086
749,19.7334963222745
750,19.7322944839206
751,19.7310809560336
752,19.7298557901656
753,19.7286190376354
754,19.7273707495294
755,19.726110976703
756,19.7248397697819
757,19.7235571791632
758,19.7222632550166
759,19.7209580472855
760,19.7196416056885
761,19.7183139797202
762,19.7169752186528
763,19.7156253715366
764,19.714264487202
765,19.7128926142599
766,19.7115098011034
767,19.7101160959085
768,19.7087115466356
769,19.7072962010303
770,19.7058701066247
771,19.7044333107386
772,19.7029858604803
773,19.701527802748
774,19.7000591842307
775,19.6985800514094
776,19.697090450558
777,19.6955904277445
778,19.6940800288322
779,19.6925592994805
780,19.6910282851461
781,19.6894870310838
782,19.687935582348
783,19.6863739837934
784,19.6848022800759
785,19.6832205156541
786,19.6816287347898
787,19.6800269815493
788,19.6784152998044
789,19.6767937332331
790,19.6751623253212
791,19.6735211193624
792,19.6718701584602
793,19.6702094855281
794,19.6685391432913
795,19.6668591742868
796,19.6651696208652
797,19.663470525191
798,19.661761929244
799,19.66004387482
800,19.6583164035317
801,19.6565795568098
802,19.6548333759036
803,19.6530779018825
804,19.6513131756363
805,19.6495392378764
806,19.6477561291367
807,19.6459638897743
808,19.6441625599706
809,19.6423521797323
810,19.6405327888919
811,19.6387044271087
812,19.6368671338699
813,19.6350209484912
814,19.6331659101178
815,19.6313020577252
816,19.62942943012
817,19.6275480659409
818,19.6256580036594
819,19.6237592815804
820,19.6218519378438
821,19.6199360104243
822,19.6180115371332
823,19.6160785556184
824,19.6141371033657
825,19.6121872176994
826,19.6102289357833
827,19.6082622946212
828,19.6062873310579
829,19.6043040817799
830,19.6023125833164
831,19.6003128720397
832,19.5983049841661
833,19.5962889557569
834,19.594264822719
835,19.5922326208054
836,19.5901923856166
837,19.5881441526007
838,19.5860879570544
839,19.5840238341239
840,19.5819518188053
841,19.5798719459456
842,19.5777842502435
843,19.5756887662497
844,19.573585528368
845,19.571474570856
846,19.5693559278257
847,19.567229633244
848,19.5650957209341
849,19.5629542245753
850,19.5608051777043
851,19.5586486137157
852,19.5564845658628
853,19.5543130672582
854,19.5521341508744
855,19.5499478495445
856,19.547754195963
857,19.5455532226866
858,19.5433449621344
859,19.5411294465888
860,19.5389067081966
861,19.5366767789687
862,19.5344396907817
863,19.5321954753779
864,19.5299441643664
865,19.5276857892234
866,19.525420381293
867,19.5231479717877
868,19.5208685917893
869,19.5185822722492
870,19.5162890439893
871,19.5139889377024
872,19.511681983953
873,19.5093682131778
874,19.5070476556862
875,19.5047203416612
876,19.5023863011599
877,19.5000455641138
878,19.4976981603298
879,19.4953441194907
880,19.4929834711555
881,19.4906162447603
882,19.488242469619
883,19.4858621749233
884,19.4834753897438
885,19.4810821430306
886,19.4786824636133
887,19.4762763802024
888,19.473863921389
889,19.471445115646
890,19.4690199913285
891,19.4665885766741
892,19.4641508998037
893,19.461706988722
894,19.4592568713181
895,19.4568005753659
896,19.4543381285248
897,19.4518695583399
898,19.4493948922432
899,19.4469141575534
900,19.4444273814768
901,19.4419345911079
902,19.4394358134295
903,19.436931075314
904,19.4344204035229
905,19.4319038247082
906,19.4293813654124
907,19.4268530520692
908,19.424318911004
909,19.4217789684343
910,19.4192332504703
911,19.4166817831153
912,19.4141245922665
913,19.4115617037149
914,19.4089931431465
915,19.4064189361421
916,19.4038391081784
917,19.4012536846281
918,19.3986626907603
919,19.3960661517413
920,19.3934640926351
921,19.3908565384035
922,19.3882435139066
923,19.3856250439038
924,19.3830011530536
925,19.3803718659146
926,19.3777372069455
927,19.3750972005058
928,19.3724518708565
929,19.36980124216
930,19.3671453384809
931,19.3644841837863
932,19.3618178019464
933,19.3591462167351
934,19.3564694518297
935,19.3537875308122
936,19.3511004771694
937,19.348408314293
938,19.3457110654807
939,19.3430087539361
940,19.3403014027691
941,19.337589034997
942,19.334871673544
943,19.3321493412422
944,19.329422060832
945,19.3266898549623
946,19.3239527461909
947,19.3212107569851
948,19.3184639097221
949,19.3157122266894
950,19.3129557300847
951,19.3101944420174
952,19.3074283845077
953,19.3046575794881
954,19.3018820488031
955,19.29910181421
956,19.2963168973788
957,19.2935273198932
958,19.2907331032507
959,19.2879342688628
960,19.2851308380558
961,19.2823228320707
962,19.2795102720639
963,19.2766931791077
964,19.2738715741903
965,19.2710454782164
966,19.2682149120075
967,19.2653798963023
968,19.2625404517572
969,19.2596965989464
970,19.2568483583624
971,19.2539957504164
972,19.2511387954387
973,19.2482775136789
974,19.2454119253062
975,19.2425420504103
976,19.2396679090009
977,19.2367895210088
978,19.2339069062858
979,19.2310200846053
980,19.2281290756625
981,19.2252338990748
982,19.222334574382
983,19.2194311210471
984,19.2165235584559
985,19.2136119059182
986,19.2106961826672
987,19.2077764078609
988,19.2048526005812
989,19.2019247798355
990,19.198992964556
991,19.1960571736006
992,19.1931174257531
993,19.1901737397234
994,19.187226134148
995,19.1842746275901
996,19.1813192385404
997,19.1783599854166
998,19.1753968865645
999,19.172429960258
1000,19.1694592246992
1001,19.1664846980193
1002,19.1635063982782
1003,19.1605243434653
1004,19.1575385514996
1005,19.1545490402301
1006,19.1515558274361
1007,19.1485589308274
1008,19.1455583680447
1009,19.1425541566599
1010,19.1395463141763
1011,19.136534858029
1012,19.1335198055851
1013,19.1305011741441
1014,19.1274789809382
1015,19.1244532431325
1016,19.1214239778252
1017,19.1183912020481
1018,19.1153549327669
1019,19.1123151868812
1020,19.1092719812251
1021,19.1062253325673
1022,19.1031752576113
1023,19.1001217729961
1024,19.0970648952958
1025,19.0940046410206
1026,19.0909410266166
1027,19.0878740684662
1028,19.0848037828884
1029,19.081730186139
1030,19.0786532944109
1031,19.0755731238346
1032,19.072489690478
1033,19.0694030103471
1034,19.066313099386
1035,19.0632199734773
1036,19.0601236484423
1037,19.0570241400412
1038,19.0539214639734
1039,19.0508156358781
1040,19.0477066713339
1041,19.0445945858596
1042,19.0414793949141
1043,19.038361113897
1044,19.0352397581484
1045,19.0321153429498
1046,19.0289878835236
1047,19.0258573950339
1048,19.0227238925865
1049,19.0195873912292
1050,19.0164479059521
1051,19.0133054516877
1052,19.0101600433113
1053,19.0070116956411
1054,19.0038604234388
1055,19.0007062414091
1056,18.9975491642007
1057,18.9943892064061
1058,18.9912263825621
1059,18.9880607071498
1060,18.984892194595
1061,18.9817208592681
1062,18.978546715485
1063,18.9753697775067
1064,18.9721900595396
1065,18.9690075757363
1066,18.965822340195
1067,18.9626343669603
1068,18.9594436700234
1069,18.9562502633218
1070,18.9530541607403
1071,18.9498553761106
1072,18.9466539232117
1073,18.9434498157704
1074,18.9402430674611
1075,18.9370336919062
1076,18.9338217026764
1077,18.9306071132907
1078,18.9273899372168
1079,18.9241701878714
1080,18.9209478786199
1081,18.9177230227775
1082,18.9144956336084
1083,18.9112657243267
1084,18.9080333080964
1085,18.9047983980317
1086,18.901561007197
1087,18.8983211486071
1088,18.8950788352279
1089,18.8918340799758
1090,18.8885868957186
1091,18.8853372952754
1092,18.8820852914167
1093,18.8788308968648
1094,18.8755741242941
1095,18.8723149863309
1096,18.8690534955538
1097,18.8657896644942
1098,18.8625235056359
1099,18.8592550314158
1100,18.8559842542237
1101,18.852711186403
1102,18.8494358402504
1103,18.8461582280162
1104,18.8428783619046
1105,18.839596254074
1106,18.8363119166369
1107,18.8330253616602
1108,18.8297366011656
1109,18.8264456471293
1110,18.8231525114828
1111,18.8198572061124
1112,18.8165597428601
1113,18.8132601335233
1114,18.8099583898549
1115,18.806654523564
1116,18.8033485463156
1117,18.8000404697309
1118,18.7967303053877
1119,18.7934180648203
1120,18.7901037595196
1121,18.7867874009337
1122,18.7834690004678
1123,18.7801485694842
1124,18.7768261193028
1125,18.7735016612012
1126,18.7701752064148
1127,18.7668467661367
1128,18.7635163515185
1129,18.76018397367
1130,18.7568496436595
1131,18.7535133725138
1132,18.7501751712187
1133,18.7468350507189
1134,18.7434930219183
1135,18.7401490956801
1136,18.736803282827
1137,18.7334555941412
1138,18.7301060403648
1139,18.7267546321999
1140,18.7234013803087
1141,18.7200462953137
1142,18.7166893877976
1143,18.7133306683042
1144,18.7099701473375
1145,18.7066078353627
1146,18.7032437428062
1147,18.6998778800553
1148,18.6965102574589
1149,18.6931408853273
1150,18.6897697739326
1151,18.6863969335087
1152,18.6830223742515
1153,18.6796461063189
1154,18.6762681398312
1155,18.6728884848713
1156,18.6695071514844
1157,18.6661241496786
1158,18.6627394894249
1159,18.6593531806572
1160,18.6559652332727
1161,18.6525756571319
1162,18.6491844620587
1163,18.6457916578408
1164,18.6423972542294
1165,18.6390012609397
1166,18.6356036876511
1167,18.6322045440069
1168,18.6288038396151
1169,18.6254015840477
1170,18.6219977868417
1171,18.6185924574986
1172,18.615185605485
1173,18.6117772402322
1174,18.6083673711371
1175,18.6049560075616
1176,18.6015431588329
1177,18.5981288342442
1178,18.594713043054
1179,18.5912957944869
1180,18.5878770977334
1181,18.5844569619499
1182,18.5810353962594
1183,18.577612409751
1184,18.5741880114803
1185,18.5707622104698
1186,18.5673350157085
1187,18.5639064361524
1188,18.5604764807244
1189,18.5570451583147
1190,18.5536124777808
1191,18.5501784479474
1192,18.5467430776069
1193,18.5433063755193
1194,18.5398683504125
1195,18.5364290109821
1196,18.5329883658919
1197,18.5295464237737
1198,18.5261031932279
1199,18.5226586828229
1200,18.5192129010959
1201,18.5157658565527
1202,18.5123175576677
1203,18.5088680128845
1204,18.5054172306154
1205,18.5019652192421
1206,18.4985119871154
1207,18.4950575425554
1208,18.4916018938519
1209,18.4881450492641
1210,18.4846870170211
1211,18.4812278053217
1212,18.4777674223348
1213,18.4743058761992
1214,18.4708431750239
1215,18.4673793268885
1216,18.4639143398426
1217,18.4604482219066
1218,18.4569809810714
1219,18.4535126252989
1220,18.4500431625215
1221,18.4465726006428
1222,18.4431009475376
1223,18.4396282110516
1224,18.436154399002
1225,18.4326795191776
1226,18.4292035793382
1227,18.4257265872159
1228,18.4222485505141
1229,18.4187694769081
1230,18.4152893740453
1231,18.4118082495451
1232,18.4083261109992
1233,18.4048429659714
1234,18.4013588219979
1235,18.3978736865877
1236,18.3943875672219
1237,18.3909004713547
1238,18.387412406413
1239,18.3839233797966
1240,18.3804333988782
1241,18.3769424710039
1242,18.3734506034926
1243,18.369957803637
1244,18.3664640787029
1245,18.3629694359298
1246,18.3594738825305
1247,18.355977425692
1248,18.3524800725748
1249,18.3489818303134
1250,18.3454827060163
1251,18.3419827067662
1252,18.3384818396199
1253,18.3349801116087
1254,18.331477529738
1255,18.3279741009881
1256,18.3244698323136
1257,18.3209647306438
1258,18.3174588028831
1259,18.3139520559105
1260,18.31044449658
1261,18.3069361317208
1262,18.3034269681373
1263,18.299917012609
1264,18.2964062718909
1265,18.2928947527134
1266,18.2893824617824
1267,18.2858694057795
1268,18.282355591362
1269,18.2788410251631
1270,18.2753257137918
1271,18.271809663833
1272,18.268292881848
1273,18.2647753743741
1274,18.2612571479247
1275,18.2577382089899
1276,18.2542185640361
1277,18.250698219506
1278,18.2471771818193
1279,18.2436554573721
1280,18.2401330525376
1281,18.2366099736655
1282,18.2330862270829
1283,18.2295618190936
1284,18.2260367559787
1285,18.2225110439964
1286,18.2189846893825
1287,18.2154576983498
1288,18.2119300770889
1289,18.2084018317677
1290,18.2048729685321
1291,18.2013434935053
1292,18.1978134127885
1293,18.194282732461
1294,18.1907514585798
1295,18.1872195971799
1296,18.1836871542747
1297,18.1801541358558
1298,18.1766205478927
1299,18.1730863963338
1300,18.1695516871057
1301,18.1660164261135
1302,18.1624806192411
1303,18.1589442723508
1304,18.155407391284
1305,18.1518699818608
1306,18.1483320498802
1307,18.1447936011203
1308,18.1412546413382
1309,18.1377151762702
1310,18.1341752116319
1311,18.1306347531181
1312,18.1270938064032
1313,18.1235523771407
1314,18.120010470964
1315,18.116468093486
1316,18.1129252502993
1317,18.1093819469761
1318,18.1058381890688
1319,18.1022939821094
1320,18.0987493316101
1321,18.095204243063
1322,18.0916587219403
1323,18.0881127736947
1324,18.084566403759
1325,18.0810196175462
1326,18.07747242045
1327,18.0739248178444
1328,18.0703768150842
1329,18.0668284175045
1330,18.0632796304214
1331,18.0597304591316
1332,18.0561809089129
1333,18.0526309850237
1334,18.0490806927036
1335,18.0455300371733
1336,18.0419790236343
1337,18.0384276572698
1338,18.0348759432438
1339,18.0313238867019
1340,18.027771492771
1341,18.0242187665596
1342,18.0206657131576
1343,18.0171123376365
1344,18.0135586450496
1345,18.0100046404317
1346,18.0064503287998
1347,18.0028957151523
1348,17.9993408044699
1349,17.9957856017151
1350,17.9922301118325
1351,17.988674339749
1352,17.9851182903735
1353,17.9815619685971
1354,17.9780053792935
1355,17.9744485273185
1356,17.9708914175106
1357,17.9673340546906
1358,17.963776443662
1359,17.960218589211
1360,17.9566604961063
1361,17.9531021690996
1362,17.9495436129252
1363,17.9459848323004
1364,17.9424258319256
1365,17.9388666164839
1366,17.9353071906418
1367,17.9317475590486
1368,17.9281877263371
1369,17.9246276971233
1370,17.9210674760062
1371,17.9175070675686
1372,17.9139464763765
1373,17.9103857069795
1374,17.9068247639106
1375,17.9032636516867
1376,17.899702374808
1377,17.8961409377587
1378,17.8925793450067
1379,17.8890176010038
1380,17.8854557101856
1381,17.8818936769717
1382,17.8783315057659
1383,17.8747692009557
1384,17.8712067669131
1385,17.8676442079942
1386,17.8640815285391
1387,17.8605187328724
1388,17.8569558253033
1389,17.8533928101249
1390,17.8498296916152
1391,17.8462664740364
1392,17.8427031616356
1393,17.8391397586443
1394,17.8355762692788
1395,17.8320126977401
1396,17.828449048214
1397,17.8248853248711
1398,17.8213215318671
1399,17.8177576733425
1400,17.8141937534227
1401,17.8106297762185
1402,17.8070657458256
1403,17.8035016663248
1404,17.7999375417822
1405,17.7963733762494
1406,17.792809173763
1407,17.7892449383452
1408,17.7856806740035
1409,17.7821163847309
1410,17.778552074506
1411,17.774987747293
1412,17.7714234070416
1413,17.7678590576875
1414,17.7642947031517
1415,17.7607303473413
1416,17.7571659941492
1417,17.7536016474541
1418,17.7500373111208
1419,17.7464729889998
1420,17.7429086849279
1421,17.739344402728
1422,17.7357801462089
1423,17.7322159191658
1424,17.7286517253801
1425,17.7250875686193
1426,17.7215234526376
1427,17.7179593811752
1428,17.7143953579589
1429,17.710831386702
1430,17.7072674711043
1431,17.7037036148521
1432,17.7001398216185
1433,17.696576095063
1434,17.6930124388319
1435,17.6894488565584
1436,17.6858853518625
1437,17.6823219283508
1438,17.678758589617
1439,17.6751953392416
1440,17.6716321807924
1441,17.6680691178239
1442,17.6645061538777
1443,17.6609432924828
1444,17.657380537155
1445,17.6538178913976
1446,17.6502553587011
1447,17.6466929425432
1448,17.643130646389
1449,17.6395684736911
1450,17.6360064278892
1451,17.632444512411
1452,17.6288827306712
1453,17.6253210860724
1454,17.6217595820048
1455,17.618198221846
1456,17.6146370089615
1457,17.6110759467046
1458,17.6075150384161
1459,17.603954287425
1460,17.6003936970478
1461,17.5968332705891
1462,17.5932730113416
1463,17.5897129225856
1464,17.5861530075897
1465,17.5825932696106
1466,17.5790337118929
1467,17.5754743376697
1468,17.5719151501619
1469,17.568356152579
1470,17.5647973481185
1471,17.5612387399664
1472,17.5576803312969
1473,17.5541221252728
1474,17.5505641250452
1475,17.5470063337538
1476,17.5434487545266
1477,17.5398913904804
1478,17.5363342447205
1479,17.5327773203408
1480,17.529220620424
1481,17.5256641480414
1482,17.5221079062531
1483,17.5185518981079
1484,17.5149961266437
1485,17.511440594887
1486,17.5078853058534
1487,17.5043302625473
1488,17.5007754679621
1489,17.4972209250803
1490,17.4936666368736
1491,17.4901126063024
1492,17.4865588363167
1493,17.4830053298553
1494,17.4794520898465
1495,17.4758991192076
1496,17.4723464208454
1497,17.4687939976558
1498,17.4652418525244
1499,17.4616899883258
1500,17.4581384079242
1501,17.4545871141735
1502,17.4510361099168
1503,17.4474853979868
1504,17.4439349812058
1505,17.4403848623857
1506,17.4368350443283
1507,17.4332855298246
1508,17.4297363216557
1509,17.4261874225924
1510,17.4226388353951
1511,17.4190905628142
1512,17.4155426075899
1513,17.4119949724524
1514,17.4084476601216
1515,17.4049006733076
1516,17.4013540147103
1517,17.3978076870198
1518,17.3942616929162
1519,17.3907160350697
1520,17.3871707161405
1521,17.3836257387792
1522,17.3800811056265
1523,17.3765368193132
1524,17.3729928824607
1525,17.3694492976803
1526,17.3659060675739
1527,17.3623631947337
1528,17.3588206817423
1529,17.3552785311727
1530,17.3517367455884
1531,17.3481953275434
1532,17.3446542795821
1533,17.3411136042397
1534,17.3375733040418
1535,17.3340333815047
1536,17.3304938391354
1537,17.3269546794314
1538,17.3234159048812
1539,17.3198775179638
1540,17.3163395211492
1541,17.3128019168979
1542,17.3092647076617
1543,17.3057278958828
1544,17.3021914839947
1545,17.2986554744216
1546,17.2951198695787
1547,17.2915846718723
1548,17.2880498836996
1549,17.2845155074489
1550,17.2809815454998
1551,17.2774480002226
1552,17.2739148739791
1553,17.2703821691222
1554,17.2668498879959
1555,17.2633180329355
1556,17.2597866062677
1557,17.2562556103103
1558,17.2527250473725
1559,17.2491949197548
1560,17.2456652297493
1561,17.2421359796393
1562,17.2386071716996
1563,17.2350788081965
1564,17.2315508913878
1565,17.2280234235228
1566,17.2244964068423
1567,17.2209698435789
1568,17.2174437359566
1569,17.2139180861912
1570,17.2103928964899
1571,17.206868169052
1572,17.2033439060682
1573,17.1998201097212
1574,17.1962967821852
1575,17.1927739256265
1576,17.189251542203
1577,17.1857296340646
1578,17.1822082033532
1579,17.1786872522023
1580,17.1751667827377
1581,17.1716467970768
1582,17.1681272973294
1583,17.1646082855971
1584,17.1610897639736
1585,17.1575717345445
1586,17.1540541993879
1587,17.1505371605737
1588,17.1470206201642
1589,17.1435045802136
1590,17.1399890427685
1591,17.1364740098678
1592,17.1329594835425
1593,17.129445465816
1594,17.125931958704
1595,17.1224189642145
1596,17.1189064843479
1597,17.1153945210969
1598,17.1118830764469
1599,17.1083721523755
1600,17.1048617508526
1601,17.1013518738411
1602,17.097842523296
1603,17.0943337011649
1604,17.0908254093882
1605,17.0873176498986
1606,17.0838104246216
1607,17.0803037354754
1608,17.0767975843706
1609,17.0732919732108
1610,17.0697869038921
1611,17.0662823783034
1612,17.0627783983264
1613,17.0592749658356
1614,17.0557720826982
1615,17.0522697507744
1616,17.0487679719172
1617,17.0452667479723
1618,17.0417660807786
1619,17.0382659721678
1620,17.0347664239645
1621,17.0312674379864
1622,17.027769016044
1623,17.0242711599411
1624,17.0207738714743
1625,17.0172771524334
1626,17.0137810046013
1627,17.010285429754
1628,17.0067904296605
1629,17.0032960060833
1630,16.9998021607777
1631,16.9963088954924
1632,16.9928162119693
1633,16.9893241119436
1634,16.9858325971438
1635,16.9823416692915
1636,16.9788513301018
1637,16.9753615812831
1638,16.9718724245372
1639,16.9683838615591
1640,16.9648958940375
1641,16.9614085236542
1642,16.9579217520848
1643,16.9544355809981
1644,16.9509500120565
1645,16.9474650469159
1646,16.9439806872258
1647,16.9404969346291
1648,16.9370137907624
1649,16.933531257256
1650,16.9300493357335
1651,16.9265680278125
1652,16.923087335104
1653,16.9196072592128
1654,16.9161278017374
1655,16.91264896427
1656,16.9091707483967
1657,16.905693155697
1658,16.9022161877446
1659,16.8987398461068
1660,16.8952641323447
1661,16.8917890480132
1662,16.8883145946614
1663,16.8848407738319
1664,16.8813675870614
1665,16.8778950358805
1666,16.8744231218137
1667,16.8709518463796
1668,16.8674812110907
1669,16.8640112174534
1670,16.8605418669684
1671,16.8570731611301
1672,16.8536051014272
1673,16.8501376893426
1674,16.8466709263529
1675,16.8432048139293
1676,16.8397393535368
1677,16.8362745466346
1678,16.8328103946763
1679,16.8293468991095
1680,16.8258840613761
1681,16.8224218829122
1682,16.8189603651482
1683,16.8154995095088
1684,16.8120393174129
1685,16.8085797902737
1686,16.805120929499
1687,16.8016627364905
1688,16.7982052126448
1689,16.7947483593524
1690,16.7912921779985
1691,16.7878366699627
1692,16.7843818366189
1693,16.7809276793356
1694,16.7774741994757
1695,16.7740213983967
1696,16.7705692774505
1697,16.7671178379836
1698,16.763667081337
1699,16.7602170088463
1700,16.7567676218417
1701,16.753318921648
1702,16.7498709095847
1703,16.7464235869657
1704,16.7429769550998
1705,16.7395310152904
1706,16.7360857688356
1707,16.7326412170281
1708,16.7291973611555
1709,16.7257542025
1710,16.7223117423387
1711,16.7188699819434
1712,16.7154289225806
1713,16.7119885655118
1714,16.7085489119931
1715,16.7051099632758
1716,16.7016717206057
1717,16.6982341852237
1718,16.6947973583654
1719,16.6913612412616
1720,16.6879258351377
1721,16.6844911412144
1722,16.681057160707
1723,16.677623894826
1724,16.6741913447768
1725,16.67075951176
1726,16.667328396971
1727,16.6638980016003
1728,16.6604683268335
1729,16.6570393738512
1730,16.6536111438293
1731,16.6501836379386
1732,16.646756857345
1733,16.6433308032098
1734,16.6399054766891
1735,16.6364808789344
1736,16.6330570110923
1737,16.6296338743048
1738,16.6262114697088
1739,16.6227897984366
1740,16.6193688616158
1741,16.6159486603691
1742,16.6125291958147
1743,16.6091104690659
1744,16.6056924812314
1745,16.6022752334152
1746,16.5988587267167
1747,16.5954429622305
1748,16.5920279410468
1749,16.5886136642509
1750,16.5852001329238
1751,16.5817873481417
1752,16.5783753109763
1753,16.5749640224948
1754,16.5715534837598
1755,16.5681436958293
1756,16.564734659757
1757,16.5613263765918
1758,16.5579188473785
1759,16.554512073157
1760,16.5511060549632
1761,16.5477007938281
1762,16.5442962907787
1763,16.5408925468373
1764,16.5374895630219
1765,16.5340873403462
1766,16.5306858798193
1767,16.5272851824462
1768,16.5238852492274
1769,16.5204860811592
1770,16.5170876792335
1771,16.5136900444379
1772,16.5102931777557
1773,16.5068970801661
1774,16.5035017526438
1775,16.5001071961594
1776,16.4967134116792
1777,16.4933204001653
1778,16.4899281625758
1779,16.4865366998643
1780,16.4831460129803
1781,16.4797561028694
1782,16.4763669704726
1783,16.4729786167273
1784,16.4695910425662
1785,16.4662042489184
1786,16.4628182367086
1787,16.4594330068576
1788,16.456048560282
1789,16.4526648978943
1790,16.4492820206032
1791,16.4458999293131
1792,16.4425186249245
1793,16.439138108334
1794,16.435758380434
1795,16.4323794421131
1796,16.4290012942559
1797,16.425623937743
1798,16.4222473734509
1799,16.4188716022526
1800,16.4154966250168
1801,16.4121224426084
1802,16.4087490558885
1803,16.4053764657143
1804,16.4020046729391
1805,16.3986336784123
1806,16.3952634829796
1807,16.3918940874826
1808,16.3885254927595
1809,16.3851576996443
1810,16.3817907089675
1811,16.3784245215557
1812,16.3750591382316
1813,16.3716945598144
1814,16.3683307871194
1815,16.3649678209582
1816,16.3616056621387
1817,16.3582443114652
1818,16.354883769738
1819,16.3515240377541
1820,16.3481651163065
1821,16.3448070061847
1822,16.3414497081747
1823,16.3380932230585
1824,16.3347375516147
1825,16.3313826946184
1826,16.3280286528409
1827,16.3246754270499
1828,16.3213230180098
1829,16.317971426481
1830,16.3146206532207
1831,16.3112706989825
1832,16.3079215645162
1833,16.3045732505686
1834,16.3012257578824
1835,16.2978790871972
1836,16.294533239249
1837,16.2911882147702
1838,16.2878440144901
1839,16.284500639134
1840,16.2811580894243
1841,16.2778163660797
1842,16.2744754698154
1843,16.2711354013433
1844,16.267796161372
1845,16.2644577506066
1846,16.2611201697488
1847,16.2577834194969
1848,16.2544475005461
1849,16.2511124135879
1850,16.2477781593108
1851,16.2444447383997
1852,16.2411121515363
1853,16.237780399399
1854,16.234449482663
1855,16.2311194020001
1856,16.2277901580789
1857,16.2244617515645
1858,16.2211341831192
1859,16.2178074534017
1860,16.2144815630677
1861,16.2111565127693
1862,16.207832303156
1863,16.2045089348735
1864,16.2011864085647
1865,16.1978647248691
1866,16.1945438844233
1867,16.1912238878605
1868,16.1879047358107
1869,16.1845864289011
1870,16.1812689677554
1871,16.1779523529944
1872,16.1746365852358
1873,16.1713216650941
1874,16.1680075931807
1875,16.1646943701041
1876,16.1613819964696
1877,16.1580704728793
1878,16.1547597999325
1879,16.1514499782255
1880,16.1481410083512
1881,16.1448328908999
1882,16.1415256264587
1883,16.1382192156117
1884,16.1349136589399
1885,16.1316089570216
1886,16.1283051104319
1887,16.1250021197431
1888,16.1216999855244
1889,16.118398708342
1890,16.1150982887595
1891,16.1117987273372
1892,16.1085000246328
1893,16.1052021812007
1894,16.1019051975929
1895,16.0986090743582
1896,16.0953138120425
1897,16.0920194111889
1898,16.0887258723377
1899,16.0854331960264
1900,16.0821413827894
1901,16.0788504331586
1902,16.0755603476628
1903,16.0722711268281
1904,16.0689827711778
1905,16.0656952812324
1906,16.0624086575097
1907,16.0591229005244
1908,16.0558380107889
1909,16.0525539888126
1910,16.0492708351019
1911,16.045988550161
1912,16.0427071344908
1913,16.03942658859
1914,16.0361469129542
1915,16.0328681080765
1916,16.0295901744471
1917,16.0263131125537
1918,16.0230369228812
1919,16.0197616059121
1920,16.0164871621257
1921,16.0132135919991
1922,16.0099408960067
1923,16.00666907462
1924,16.0033981283082
1925,16.0001280575375
1926,15.9968588627719
1927,15.9935905444725
1928,15.990323103098
1929,15.9870565391042
1930,15.9837908529447
1931,15.9805260450703
1932,15.9772621159293
1933,15.9739990659674
1934,15.9707368956278
1935,15.9674756053511
1936,15.9642151955754
1937,15.9609556667364
1938,15.9576970192671
1939,15.954439253598
1940,15.9511823701573
1941,15.9479263693704
1942,15.9446712516604
1943,15.9414170174481
1944,15.9381636671514
1945,15.9349112011861
1946,15.9316596199654
1947,15.9284089239001
1948,15.9251591133985
1949,15.9219101888666
1950,15.9186621507078
1951,15.9154149993231
1952,15.9121687351113
1953,15.9089233584687
1954,15.9056788697891
1955,15.902435269464
1956,15.8991925578825
1957,15.8959507354314
1958,15.892709802495
1959,15.8894697594555
1960,15.8862306066925
1961,15.8829923445834
1962,15.8797549735031
1963,15.8765184938244
1964,15.8732829059177
1965,15.870048210151
1966,15.8668144068901
1967,15.8635814964985
1968,15.8603494793374
1969,15.8571183557657
1970,15.8538881261401
1971,15.8506587908149
1972,15.8474303501422
1973,15.8442028044719
1974,15.8409761541516
1975,15.8377503995268
1976,15.8345255409406
1977,15.8313015787338
1978,15.8280785132454
1979,15.8248563448117
1980,15.821635073767
1981,15.8184147004436
1982,15.8151952251713
1983,15.8119766482779
1984,15.808758970089
1985,15.805542190928
1986,15.8023263111161
1987,15.7991113309725
1988,15.7958972508141
1989,15.7926840709558
1990,15.7894717917102
1991,15.7862604133879
1992,15.7830499362973
1993,15.7798403607448
1994,15.7766316870346
1995,15.7734239154689
1996,15.7702170463477
1997,15.767011079969
1998,15.7638060166285
1999,15.7606018566203
2000,15.7573986002359
2001,15.7541962477651
2002,15.7509947994955
2003,15.7477942557127
2004,15.7445946167003
2005,15.7413958827398
2006,15.7381980541107
2007,15.7350011310904
2008,15.7318051139544
2009,15.7286100029762
2010,15.7254157984273
2011,15.7222225005771
2012,15.7190301096931
2013,15.7158386260407
2014,15.7126480498836
2015,15.7094583814832
2016,15.7062696210992
2017,15.7030817689892
2018,15.6998948254089
2019,15.696708790612
2020,15.6935236648504
2021,15.6903394483739
2022,15.6871561414305
2023,15.6839737442663
2024,15.6807922571253
2025,15.6776116802497
2026,15.67443201388
2027,15.6712532582544
2028,15.6680754136096
2029,15.6648984801803
2030,15.6617224581991
2031,15.658547347897
2032,15.6553731495031
2033,15.6521998632446
2034,15.6490274893467
2035,15.6458560280329
2036,15.6426854795251
2037,15.6395158440428
2038,15.6363471218042
2039,15.6331793130253
2040,15.6300124179207
2041,15.6268464367027
2042,15.6236813695821
2043,15.6205172167679
2044,15.6173539784672
2045,15.6141916548853
2046,15.6110302462259
2047,15.6078697526907
2048,15.6047101744797
2049,15.6015515117912
2050,15.5983937648217
2051,15.595236933766
2052,15.5920810188171
2053,15.5889260201661
2054,15.5857719380027
2055,15.5826187725146
2056,15.5794665238879
2057,15.5763151923069
2058,15.5731647779542
2059,15.5700152810108
2060,15.5668667016559
2061,15.5637190400669
2062,15.5605722964198
2063,15.5574264708887
2064,15.5542815636459
2065,15.5511375748624
2066,15.5479945047071
2067,15.5448523533475
2068,15.5417111209495
2069,15.5385708076771
2070,15.5354314136928
2071,15.5322929391574
2072,15.5291553842302
2073,15.5260187490686
2074,15.5228830338286
2075,15.5197482386645
2076,15.5166143637291
2077,15.5134814091733
2078,15.5103493751466
2079,15.5072182617969
2080,15.5040880692704
2081,15.5009587977119
2082,15.4978304472644
2083,15.4947030180693
2084,15.4915765102667
2085,15.4884509239949
2086,15.4853262593906
2087,15.4822025165891
2088,15.479079695724
2089,15.4759577969275
2090,15.4728368203301
2091,15.4697167660608
2092,15.4665976342472
2093,15.4634794250151
2094,15.460362138489
2095,15.4572457747918
2096,15.4541303340449
2097,15.4510158163682
2098,15.44790222188
2099,15.4447895506972
2100,15.4416778029351
2101,15.4385669787077
2102,15.4354570781272
2103,15.4323481013047
2104,15.4292400483494
2105,15.4261329193695
2106,15.4230267144712
2107,15.4199214337597
2108,15.4168170773386
2109,15.4137136453098
2110,15.4106111377741
2111,15.4075095548306
2112,15.4044088965771
2113,15.4013091631099
2114,15.398210354524
2115,15.3951124709127
2116,15.3920155123682
2117,15.388919478981
2118,15.3858243708403
2119,15.382730188034
2120,15.3796369306484
2121,15.3765445987686
2122,15.3734531924781
2123,15.3703627118592
2124,15.3672731569926
2125,15.3641845279578
2126,15.3610968248329
2127,15.3580100476946
2128,15.3549241966182
2129,15.3518392716777
2130,15.3487552729455
2131,15.3456722004931
2132,15.3425900543903
2133,15.3395088347056
2134,15.3364285415062
2135,15.333349174858
2136,15.3302707348256
2137,15.3271932214721
2138,15.3241166348594
2139,15.3210409750481
2140,15.3179662420974
2141,15.3148924360653
2142,15.3118195570084
2143,15.3087476049819
2144,15.3056765800399
2145,15.3026064822352
2146,15.2995373116192
2147,15.296469068242
2148,15.2934017521525
2149,15.2903353633983
2150,15.2872699020256
2151,15.2842053680796
2152,15.281141761604
2153,15.2780790826413
2154,15.2750173312328
2155,15.2719565074184
2156,15.2688966112371
2157,15.2658376427261
2158,15.2627796019219
2159,15.2597224888595
2160,15.2566663035725
2161,15.2536110460937
2162,15.2505567164544
2163,15.2475033146847
2164,15.2444508408134
2165,15.2413992948683
2166,15.2383486768759
2167,15.2352989868614
2168,15.2322502248489
2169,15.2292023908613
2170,15.2261554849203
2171,15.2231095070463
2172,15.2200644572587
2173,15.2170203355756
2174,15.213977142014
2175,15.2109348765896
2176,15.207893539317
2177,15.2048531302097
2178,15.2018136492799
2179,15.1987750965388
2180,15.1957374719963
2181,15.1927007756612
2182,15.1896650075411
2183,15.1866301676427
2184,15.1835962559713
2185,15.180563272531
2186,15.1775312173251
2187,15.1745000903555
2188,15.171469891623
2189,15.1684406211275
2190,15.1654122788674
2191,15.1623848648403
2192,15.1593583790426
2193,15.1563328214696
2194,15.1533081921154
2195,15.1502844909731
2196,15.1472617180347
2197,15.1442398732912
2198,15.1412189567322
2199,15.1381989683465
2200,15.1351799081218
2201,15.1321617760446
2202,15.1291445721004
2203,15.1261282962736
2204,15.1231129485475
2205,15.1200985289044
2206,15.1170850373256
2207,15.1140724737911
2208,15.1110608382802
2209,15.1080501307708
2210,15.10504035124
2211,15.1020314996637
2212,15.0990235760168
2213,15.0960165802734
2214,15.0930105124061
2215,15.0900053723869
2216,15.0870011601865
2217,15.0839978757748
2218,15.0809955191204
2219,15.0779940901912
2220,15.0749935889538
2221,15.071994015374
2222,15.0689953694165
2223,15.065997651045
2224,15.0630008602223
2225,15.06000499691
2226,15.0570100610688
2227,15.0540160526586
2228,15.0510229716381
2229,15.048030817965
2230,15.0450395915961
2231,15.0420492924872
2232,15.0390599205932
2233,15.036071475868
2234,15.0330839582644
2235,15.0300973677343
2236,15.0271117042289
2237,15.024126967698
2238,15.0211431580908
2239,15.0181602753553
2240,15.0151783194389
2241,15.0121972902875
2242,15.0092171878466
2243,15.0062380120606
2244,15.0032597628727
2245,15.0002824402255
2246,14.9973060440606
2247,14.9943305743186
2248,14.9913560309391
2249,14.988382413861
2250,14.9854097230221
2251,14.9824379583594
2252,14.9794671198089
2253,14.9764972073058
2254,14.9735282207843
2255,14.9705601601777
2256,14.9675930254184
2257,14.9646268164381
2258,14.9616615331673
2259,14.9586971755358
2260,14.9557337434725
2261,14.9527712369054
2262,14.9498096557615
2263,14.9468489999671
2264,14.9438892694476
2265,14.9409304641274
2266,14.9379725839302
2267,14.9350156287787
2268,14.9320595985948
2269,14.9291044932995
2270,14.9261503128131
2271,14.9231970570547
2272,14.9202447259429
2273,14.9172933193954
2274,14.9143428373288
2275,14.9113932796591
2276,14.9084446463014
2277,14.90549693717
2278,14.9025501521783
2279,14.8996042912388
2280,14.8966593542633
2281,14.8937153411628
2282,14.8907722518474
2283,14.8878300862263
2284,14.8848888442081
2285,14.8819485257004
2286,14.8790091306101
2287,14.8760706588431
2288,14.8731331103048
2289,14.8701964848995
2290,14.8672607825309
2291,14.8643260031018
2292,14.8613921465143
2293,14.8584592126696
2294,14.8555272014681
2295,14.8525961128096
2296,14.8496659465929
2297,14.8467367027161
2298,14.8438083810765
2299,14.8408809815707
2300,14.8379545040944
2301,14.8350289485427
2302,14.8321043148097
2303,14.829180602789
2304,14.8262578123733
2305,14.8233359434544
2306,14.8204149959236
2307,14.8174949696712
2308,14.8145758645871
2309,14.81165768056
2310,14.8087404174782
2311,14.8058240752291
2312,14.8029086536994
2313,14.799994152775
2314,14.7970805723411
2315,14.7941679122823
2316,14.7912561724822
2317,14.7883453528239
2318,14.7854354531896
2319,14.782526473461
2320,14.7796184135188
2321,14.7767112732431
2322,14.7738050525135
2323,14.7708997512085
2324,14.767995369206
2325,14.7650919063835
2326,14.7621893626174
2327,14.7592877377836
2328,14.7563870317572
2329,14.7534872444127
2330,14.7505883756237
2331,14.7476904252635
2332,14.7447933932042
2333,14.7418972793177
2334,14.7390020834748
2335,14.7361078055458
2336,14.7332144454004
2337,14.7303220029075
2338,14.7274304779354
2339,14.7245398703515
2340,14.7216501800228
2341,14.7187614068156
2342,14.7158735505953
2343,14.712986611227
2344,14.7101005885747
2345,14.707215482502
2346,14.7043312928719
2347,14.7014480195466
2348,14.6985656623877
2349,14.6956842212561
2350,14.692803696012
2351,14.6899240865152
2352,14.6870453926246
2353,14.6841676141986
2354,14.6812907510948
2355,14.6784148031703
2356,14.6755397702816
2357,14.6726656522844
2358,14.6697924490338
2359,14.6669201603844
2360,14.6640487861902
2361,14.6611783263043
2362,14.6583087805793
2363,14.6554401488674
2364,14.65257243102
2365,14.6497056268877
2366,14.6468397363208
2367,14.6439747591688
2368,14.6411106952807
2369,14.6382475445048
2370,14.6353853066888
2371,14.6325239816799
2372,14.6296635693246
2373,14.6268040694687
2374,14.6239454819577
2375,14.6210878066362
2376,14.6182310433484
2377,14.6153751919377
2378,14.6125202522473
2379,14.6096662241193
2380,14.6068131073956
2381,14.6039609019175
2382,14.6011096075254
2383,14.5982592240594
2384,14.595409751359
2385,14.5925611892631
2386,14.5897135376099
2387,14.5868667962372
2388,14.5840209649821
2389,14.5811760436813
2390,14.5783320321708
2391,14.575488930286
2392,14.5726467378619
2393,14.5698054547328
2394,14.5669650807325
2395,14.5641256156942
2396,14.5612870594506
2397,14.5584494118338
2398,14.5556126726755
2399,14.5527768418066
2400,14.5499419190577
2401,14.5471079042586
2402,14.5442747972389
2403,14.5414425978273
2404,14.5386113058522
2405,14.5357809211413
2406,14.5329514435221
2407,14.530122872821
2408,14.5272952088645
2409,14.5244684514781
2410,14.5216426004869
2411,14.5188176557157
2412,14.5159936169884
2413,14.5131704841287
2414,14.5103482569597
2415,14.5075269353038
2416,14.5047065189831
2417,14.5018870078191
2418,14.4990684016329
2419,14.4962507002449
2420,14.493433903475
2421,14.4906180111429
2422,14.4878030230675
2423,14.4849889390672
2424,14.48217575896
2425,14.4793634825634
2426,14.4765521096944
2427,14.4737416401695
2428,14.4709320738047
2429,14.4681234104155
2430,14.4653156498169
2431,14.4625087918235
2432,14.4597028362492
2433,14.4568977829077
2434,14.4540936316121
2435,14.4512903821748
2436,14.4484880344082
2437,14.4456865881237
2438,14.4428860431326
2439,14.4400863992456
2440,14.437287656273
2441,14.4344898140244
2442,14.4316928723091
2443,14.4288968309361
2444,14.4261016897136
2445,14.4233074484496
2446,14.4205141069514
2447,14.4177216650262
2448,14.4149301224803
2449,14.4121394791199
2450,14.4093497347506
2451,14.4065608891775
2452,14.4037729422054
2453,14.4009858936385
2454,14.3981997432806
2455,14.3954144909352
2456,14.392630136405
2457,14.3898466794927
2458,14.3870641200002
2459,14.3842824577292
2460,14.3815016924809
2461,14.3787218240559
2462,14.3759428522545
2463,14.3731647768767
2464,14.3703875977219
2465,14.367611314589
2466,14.3648359272767
2467,14.3620614355831
2468,14.3592878393059
2469,14.3565151382425
2470,14.3537433321897
2471,14.350972420944
2472,14.3482024043015
2473,14.3454332820577
2474,14.342665054008
2475,14.3398977199471
2476,14.3371312796694
2477,14.3343657329688
2478,14.3316010796391
2479,14.3288373194733
2480,14.3260744522642
2481,14.3233124778042
2482,14.3205513958852
2483,14.3177912062988
2484,14.3150319088361
2485,14.312273503288
2486,14.3095159894448
2487,14.3067593670964
2488,14.3040036360325
2489,14.3012487960422
2490,14.2984948469143
2491,14.2957417884373
2492,14.2929896203991
2493,14.2902383425875
2494,14.2874879547896
2495,14.2847384567924
2496,14.2819898483822
2497,14.2792421293454
2498,14.2764952994675
2499,14.2737493585339
2500,14.2710043063297
2501,14.2682601426395
2502,14.2655168672474
2503,14.2627744799373
2504,14.2600329804928
2505,14.257292368697
2506,14.2545526443326
2507,14.2518138071821
2508,14.2490758570275
2509,14.2463387936504
2510,14.2436026168322
2511,14.2408673263539
2512,14.238132921996
2513,14.2353994035388
2514,14.2326667707622
2515,14.2299350234456
2516,14.2272041613684
2517,14.2244741843093
2518,14.2217450920468
2519,14.219016884359
2520,14.2162895610238
2521,14.2135631218186
2522,14.2108375665204
2523,14.2081128949061
2524,14.2053891067521
2525,14.2026662018344
2526,14.1999441799288
2527,14.1972230408107
2528,14.1945027842551
2529,14.1917834100368
2530,14.1890649179303
2531,14.1863473077095
2532,14.1836305791482
2533,14.1809147320198
2534,14.1781997660974
2535,14.1754856811538
2536,14.1727724769613
2537,14.1700601532922
2538,14.1673487099182
2539,14.1646381466107
2540,14.161928463141
2541,14.1592196592798
2542,14.1565117347976
2543,14.1538046894647
2544,14.1510985230509
2545,14.1483932353259
2546,14.1456888260588
2547,14.1429852950186
2548,14.140282641974
2549,14.1375808666932
2550,14.1348799689444
2551,14.1321799484952
2552,14.129480805113
2553,14.126782538565
2554,14.1240851486179
2555,14.1213886350384
2556,14.1186929975925
2557,14.1159982360462
2558,14.1133043501652
2559,14.1106113397147
2560,14.1079192044597
2561,14.1052279441651
2562,14.1025375585952
2563,14.0998480475142
2564,14.097159410686
2565,14.0944716478741
2566,14.0917847588419
2567,14.0890987433523
2568,14.086413601168
2569,14.0837293320516
2570,14.081045935765
2571,14.0783634120703
2572,14.075681760729
2573,14.0730009815024
2574,14.0703210741516
2575,14.0676420384373
2576,14.06496387412
2577,14.06228658096
2578,14.0596101587171
2579,14.056934607151
2580,14.0542599260212
2581,14.0515861150867
2582,14.0489131741065
2583,14.0462411028391
2584,14.0435699010428
2585,14.0408995684758
2586,14.0382301048958
2587,14.0355615100603
2588,14.0328937837267
2589,14.0302269256519
2590,14.0275609355928
2591,14.0248958133058
2592,14.0222315585471
2593,14.0195681710728
2594,14.0169056506386
2595,14.014243997
2596,14.0115832099122
2597,14.0089232891302
2598,14.0062642344088
2599,14.0036060455023
2600,14.0009487221651
2601,13.9982922641511
2602,13.9956366712141
2603,13.9929819431076
2604,13.9903280795848
2605,13.9876750803987
2606,13.9850229453022
2607,13.9823716740477
2608,13.9797212663875
2609,13.9770717220737
2610,13.9744230408582
2611,13.9717752224924
2612,13.9691282667278
2613,13.9664821733154
2614,13.9638369420062
2615,13.9611925725508
2616,13.9585490646995
2617,13.9559064182027
2618,13.9532646328102
2619,13.9506237082719
2620,13.9479836443371
2621,13.9453444407552
2622,13.9427060972753
2623,13.9400686136461
2624,13.9374319896163
2625,13.9347962249344
2626,13.9321613193483
2627,13.9295272726062
2628,13.9268940844557
2629,13.9242617546444
2630,13.9216302829196
2631,13.9189996690283
2632,13.9163699127174
2633,13.9137410137336
2634,13.9111129718233
2635,13.9084857867328
2636,13.905859458208
2637,13.9032339859949
2638,13.900609369839
2639,13.8979856094856
2640,13.8953627046801
2641,13.8927406551674
2642,13.8901194606923
2643,13.8874991209993
2644,13.8848796358328
2645,13.8822610049371
2646,13.8796432280561
2647,13.8770263049335
2648,13.874410235313
2649,13.8717950189379
2650,13.8691806555514
2651,13.8665671448965
2652,13.863954486716
2653,13.8613426807526
2654,13.8587317267485
2655,13.8561216244461
2656,13.8535123735873
2657,13.850903973914
2658,13.8482964251678
2659,13.8456897270902
2660,13.8430838794224
2661,13.8404788819056
2662,13.8378747342807
2663,13.8352714362883
2664,13.8326689876689
2665,13.830067388163
2666,13.8274666375107
2667,13.824866735452
2668,13.8222676817266
2669,13.8196694760743
2670,13.8170721182344
2671,13.8144756079462
2672,13.8118799449488
2673,13.8092851289812
2674,13.8066911597821
2675,13.80409803709
2676,13.8015057606433
2677,13.7989143301803
2678,13.7963237454391
2679,13.7937340061574
2680,13.791145112073
2681,13.7885570629235
2682,13.7859698584463
2683,13.7833834983785
2684,13.7807979824571
2685,13.7782133104192
2686,13.7756294820013
2687,13.7730464969401
2688,13.7704643549718
2689,13.7678830558329
2690,13.7653025992592
2691,13.7627229849868
2692,13.7601442127513
2693,13.7575662822884
2694,13.7549891933335
2695,13.7524129456218
2696,13.7498375388885
2697,13.7472629728685
2698,13.7446892472967
2699,13.7421163619077
2700,13.739544316436
2701,13.736973110616
2702,13.7344027441818
2703,13.7318332168675
2704,13.729264528407
2705,13.7266966785341
2706,13.7241296669824
2707,13.7215634934852
2708,13.718998157776
2709,13.7164336595879
2710,13.7138699986539
2711,13.711307174707
2712,13.7087451874797
2713,13.7061840367047
2714,13.7036237221146
2715,13.7010642434415
2716,13.6985056004177
2717,13.6959477927751
2718,13.6933908202457
2719,13.6908346825613
2720,13.6882793794534
2721,13.6857249106535
2722,13.6831712758931
2723,13.6806184749032
2724,13.678066507415
2725,13.6755153731594
2726,13.6729650718672
2727,13.6704156032692
2728,13.6678669670959
2729,13.6653191630776
2730,13.6627721909447
2731,13.6602260504274
2732,13.6576807412557
2733,13.6551362631595
2734,13.6525926158685
2735,13.6500497991126
2736,13.6475078126211
2737,13.6449666561234
2738,13.642426329349
2739,13.6398868320269
2740,13.6373481638862
2741,13.6348103246558
2742,13.6322733140646
2743,13.6297371318411
2744,13.627201777714
2745,13.6246672514116
2746,13.6221335526624
2747,13.6196006811946
2748,13.6170686367362
2749,13.6145374190152
2750,13.6120070277595
