"par","prediction"
0,0
1,0.380119801622839
2,0.756841071456921
3,1.13019289939488
4,1.50020412682673
5,1.86690334876254
6,2.23031891593695
7,2.59047893689572
8,2.94741128006446
9,3.30114357579966
10,3.65170321842226
11,3.99911736823381
12,4.34341295351538
13,4.68461667250948
14,5.02275499538496
15,5.35785416618517
16,5.68994020475952
17,6.01903890867843
18,6.34517585513206
19,6.66837640281268
20,6.9886656937811
21,7.30606865531704
22,7.62061000175378
23,7.93231423629708
24,8.24120565282861
25,8.54730833769392
26,8.85064617147521
27,9.15124283074888
28,9.44912178982813
29,9.74430632249065
30,10.0368195036915
31,10.3266842112616
32,10.6139231275912
33,10.8985587412996
34,11.1806133488901
35,11.4601090563911
36,11.7370677809832
37,12.0115112526121
38,12.2834610155879
39,12.5529384301712
40,12.8199646741445
41,13.0845607443716
42,13.3467474583425
43,13.6065454557056
44,13.8639751997873
45,14.1190569790973
46,14.3718109088224
47,14.6222569323071
48,14.8704148225209
49,15.1163041835139
50,15.3599444518601
51,15.6013548980869
52,15.8405546280947
53,16.077562584562
54,16.3123975483403
55,16.5450781398363
56,16.7756228203821
57,17.0040498935942
58,17.2303775067207
59,17.4546236519767
60,17.6768061678691
61,17.8969427405089
62,18.1150509049135
63,18.3311480462969
64,18.5452514013494
65,18.7573780595066
66,18.9675449642066
67,19.1757689141376
68,19.3820665644741
69,19.5864544281029
70,19.7889488768383
71,19.9895661426273
72,20.1883223187441
73,20.3852333609749
74,20.5803150887921
75,20.7735831865188
76,20.965053204483
77,21.1547405601625
78,21.3426605393193
79,21.5288282971249
80,21.713258859276
81,21.8959671230998
82,22.0769678586514
83,22.2562757098
84,22.4339051953075
85,22.6098707098967
86,22.7841865253112
87,22.9568667913653
88,23.1279255369862
89,23.297376671246
90,23.4652339843857
91,23.6315111488305
92,23.7962217201956
93,23.9593791382845
94,24.120996728078
95,24.2810877007149
96,24.4396651544648
97,24.5967420756915
98,24.7523313398099
99,24.9064457122328
100,25.0590978493108
101,25.2103002992641
102,25.360065503106
103,25.5084057955586
104,25.6553334059606
105,25.8008604591677
106,25.9449989764452
107,26.0877608763523
108,26.22915797562
109,26.3692019900205
110,26.5079045352298
111,26.6452771276825
112,26.7813311854197
113,26.9160780289294
114,27.0495288819798
115,27.1816948724453
116,27.3125870331259
117,27.4422163025591
118,27.570593525825
119,27.697729455345
120,27.8236347516727
121,27.9483199842792
122,28.0717956323305
123,28.1940720854597
124,28.3151596445307
125,28.4350685223976
126,28.5538088446555
127,28.6713906503865
128,28.7878238928983
129,28.903118440457
130,29.0172840770137
131,29.1303305029243
132,29.242267335664
133,29.353104110535
134,29.4628502813683
135,29.5715152212199
136,29.6791082230607
137,29.7856385004604
138,29.8911151882658
139,29.9955473432736
140,30.0989439448963
141,30.2013138958241
142,30.3026660226796
143,30.403009076668
144,30.5023517342209
145,30.6007025976353
146,30.6980701957069
147,30.7944629843575
148,30.8898893472579
149,30.9843575964451
150,31.0778759729339
151,31.1704526473236
152,31.2620957203996
153,31.3528132237299
154,31.4426131202558
155,31.5315033048788
156,31.6194916050413
157,31.7065857813029
158,31.7927935279119
159,31.8781224733714
160,31.9625801810015
161,32.0461741494951
162,32.128911813471
163,32.2108005440205
164,32.2918476492502
165,32.3720603748203
166,32.4514459044775
167,32.5300113605845
168,32.6077638046437
169,32.6847102378174
170,32.7608576014432
171,32.836212777545
172,32.9107825893396
173,32.984573801739
174,33.0575931218487
175,33.1298471994609
176,33.2013426275447
177,33.2720859427312
178,33.3420836257947
179,33.4113421021298
180,33.4798677422246
181,33.5476668621295
182,33.6147457239225
183,33.6811105361699
184,33.7467674543836
185,33.8117225814743
186,33.8759819682006
187,33.9395516136147
188,34.0024374655039
189,34.0646454208288
190,34.1261813261571
191,34.1870509780942
192,34.24726012371
193,34.3068144609621
194,34.365719639115
195,34.4239812591565
196,34.4816048742097
197,34.538595989942
198,34.5949600649704
199,34.6507025112636
200,34.7058286945402
201,34.7603439346639
202,34.8142535060352
203,34.8675626379797
204,34.9202765151331
205,34.9724002778232
206,35.0239390224478
207,35.0748978018506
208,35.1252816256928
209,35.1750954608222
210,35.2243442316388
211,35.2730328204573
212,35.3211660678667
213,35.368748773087
214,35.4157856943219
215,35.4622815491098
216,35.5082410146708
217,35.5536687282513
218,35.5985692874651
219,35.6429472506326
220,35.6868071371157
221,35.7301534276511
222,35.7729905646801
223,35.8153229526755
224,35.8571549584662
225,35.8984909115587
226,35.9393351044559
227,35.979691792973
228,36.0195651965511
229,36.0589594985679
230,36.0978788466456
231,36.1363273529566
232,36.174309094526
233,36.2118281135318
234,36.2488884176031
235,36.2854939801145
236,36.3216487404792
237,36.3573566044389
238,36.3926214443515
239,36.4274470994763
240,36.4618373762565
241,36.4957960485996
242,36.5293268581557
243,36.5624335145926
244,36.5951196958689
245,36.6273890485054
246,36.6592451878533
247,36.6906916983602
248,36.7217321338347
249,36.7523700177076
250,36.7826088432917
251,36.8124520740387
252,36.8419031437948
253,36.8709654570531
254,36.8996423892046
255,36.9279372867869
256,36.9558534677302
257,36.9833942216021
258,37.0105628098499
259,37.0373624660404
260,37.0637963960984
261,37.0898677785427
262,37.1155797647203
263,37.1409354790384
264,37.1659380191946
265,37.1905904564047
266,37.2148958356297
267,37.2388571757992
268,37.2624774700343
269,37.285759685868
270,37.3087067654634
271,37.3313216258311
272,37.3536071590432
273,37.3755662324471
274,37.3972016888762
275,37.4185163468597
276,37.4395130008297
277,37.4601944213275
278,37.4805633552076
279,37.5006225258396
280,37.5203746333094
281,37.539822354618
282,37.5589683438781
283,37.5778152325104
284,37.596365629437
285,37.6146221212736
286,37.6325872725203
287,37.65026362575
288,37.6676537017964
289,37.6847599999392
290,37.7015849980882
291,37.7181311529663
292,37.7344009002899
293,37.7503966549488
294,37.7661208111839
295,37.7815757427635
296,37.7967638031586
297,37.8116873257155
298,37.8263486238286
299,37.8407499911101
300,37.8548937015597
301,37.8687820097313
302,37.8824171508999
303,37.8958013412256
304,37.9089367779175
305,37.9218256393951
306,37.9344700854492
307,37.9468722574005
308,37.9590342782581
309,37.9709582528753
310,37.9826462681049
311,37.994100392953
312,38.0053226787315
313,38.0163151592092
314,38.0270798507615
315,38.0376187525193
316,38.0479338465159
317,38.0580270978334
318,38.0679004547475
319,38.0775558488707
320,38.086995195295
321,38.0962203927329
322,38.1052333236573
323,38.1140358544402
324,38.1226298354905
325,38.1310171013898
326,38.1391994710283
327,38.1471787477382
328,38.1549567194271
329,38.1625351587093
330,38.169915823037
331,38.1771004548292
332,38.1840907816006
333,38.1908885160888
334,38.1974953563803
335,38.203912986036
336,38.2101430742149
337,38.2161872757976
338,38.2220472315078
339,38.2277245680334
340,38.2332208981467
341,38.2385378208228
342,38.2436769213577
343,38.2486397714851
344,38.2534279294925
345,38.2580429403355
346,38.2624863357523
347,38.2667596343762
348,38.2708643418476
349,38.2748019509254
350,38.2785739415962
351,38.2821817811844
352,38.2856269244596
353,38.2889108137443
354,38.2920348790199
355,38.2950005380324
356,38.2978091963967
357,38.3004622477004
358,38.3029610736065
359,38.3053070439552
360,38.3075015168649
361,38.3095458388325
362,38.3114413448322
363,38.3131893584148
364,38.3147911918043
365,38.3162481459954
366,38.3175615108489
367,38.3187325651874
368,38.3197625768889
369,38.3206528029808
370,38.3214044897325
371,38.3220188727472
372,38.3224971770529
373,38.322840617193
374,38.3230503973159
375,38.3231277112635
376,38.3230737426593
377,38.322889664996
378,38.3225766417217
379,38.322135826326
380,38.3215683624247
381,38.3208753838445
382,38.3200580147064
383,38.3191173695088
384,38.3180545532096
385,38.3168706613075
386,38.3155667799233
387,38.3141439858794
388,38.3126033467798
389,38.3109459210885
390,38.3091727582077
391,38.3072848985553
392,38.3052833736412
393,38.3031692061442
394,38.3009434099865
395,38.2986069904095
396,38.296160944047
397,38.2936062589994
398,38.2909439149063
399,38.2881748830189
400,38.2853001262717
401,38.2823205993531
402,38.2792372487767
403,38.2760510129502
404,38.2727628222455
405,38.2693735990664
406,38.2658842579178
407,38.2622957054722
408,38.258608840637
409,38.254824554621
410,38.2509437309999
411,38.2469672457816
412,38.2428959674708
413,38.2387307571334
414,38.2344724684595
415,38.2301219478268
416,38.2256800343631
417,38.2211475600079
418,38.2165253495744
419,38.2118142208095
420,38.2070149844551
421,38.2021284443072
422,38.1971553972759
423,38.1920966334434
424,38.1869529361233
425,38.1817250819176
426,38.1764138407745
427,38.1710199760451
428,38.1655442445398
429,38.159987396584
430,38.1543501760738
431,38.1486333205308
432,38.1428375611565
433,38.1369636228861
434,38.1310122244425
435,38.1249840783892
436,38.1188798911827
437,38.1127003632247
438,38.1064461889143
439,38.1001180566986
440,38.093716649124
441,38.0872426428866
442,38.0806967088818
443,38.0740795122545
444,38.0673917124475
445,38.0606339632507
446,38.0538069128494
447,38.0469112038717
448,38.0399474734368
449,38.0329163532011
450,38.0258184694057
451,38.018654442922
452,38.0114248892983
453,38.0041304188045
454,37.9967716364776
455,37.9893491421667
456,37.9818635305766
457,37.9743153913123
458,37.9667053089224
459,37.9590338629424
460,37.9513016279373
461,37.9435091735441
462,37.9356570645143
463,37.9277458607552
464,37.9197761173713
465,37.9117483847057
466,37.9036632083802
467,37.8955211293364
468,37.887322683875
469,37.8790684036956
470,37.8707588159364
471,37.8623944432128
472,37.8539758036559
473,37.8455034109513
474,37.8369777743768
475,37.82839939884
476,37.8197687849157
477,37.811086428883
478,37.8023528227619
479,37.7935684543497
480,37.7847338072571
481,37.7758493609441
482,37.7669155907552
483,37.7579329679546
484,37.7489019597614
485,37.7398230293837
486,37.7306966360531
487,37.721523235059
488,37.7123032777813
489,37.7030372117251
490,37.6937254805527
491,37.684368524117
492,37.674966778494
493,37.6655206760149
494,37.6560306452982
495,37.6464971112815
496,37.6369204952528
497,37.6273012148816
498,37.6176396842502
499,37.6079363138841
500,37.598191510782
501,37.5884056784469
502,37.5785792169149
503,37.5687125227857
504,37.5588059892512
505,37.5488600061254
506,37.5388749598725
507,37.528851233636
508,37.5187892072672
509,37.5086892573526
510,37.4985517572426
511,37.4883770770788
512,37.4781655838213
513,37.4679176412761
514,37.457633610122
515,37.4473138479373
516,37.4369587092262
517,37.4265685454452
518,37.416143705029
519,37.4056845334166
520,37.3951913730766
521,37.3846645635325
522,37.3741044413884
523,37.3635113403534
524,37.3528855912664
525,37.342227522121
526,37.3315374580896
527,37.3208157215471
528,37.3100626320955
529,37.2992785065872
530,37.2884636591485
531,37.277618401203
532,37.2667430414947
533,37.2558378861107
534,37.2449032385042
535,37.2339393995168
536,37.2229466674008
537,37.2119253378415
538,37.2008757039789
539,37.1897980564297
540,37.1786926833087
541,37.1675598702503
542,37.1563999004294
543,37.1452130545827
544,37.1339996110297
545,37.1227598456927
546,37.1114940321181
547,37.1002024414962
548,37.0888853426811
549,37.0775430022115
550,37.0661756843296
551,37.0547836510014
552,37.0433671619356
553,37.0319264746033
554,37.020461844257
555,37.0089735239494
556,36.9974617645523
557,36.9859268147755
558,36.9743689211848
559,36.9627883282206
560,36.9511852782162
561,36.9395600114153
562,36.9279127659905
563,36.9162437780605
564,36.9045532817079
565,36.8928415089964
566,36.8811086899885
567,36.8693550527619
568,36.857580823427
569,36.8457862261438
570,36.8339714831379
571,36.8221368147178
572,36.8102824392908
573,36.7984085733793
574,36.7865154316371
575,36.7746032268654
576,36.7626721700282
577,36.7507224702686
578,36.7387543349237
579,36.7267679695408
580,36.7147635778921
581,36.7027413619898
582,36.6907015221019
583,36.6786442567663
584,36.6665697628058
585,36.6544782353432
586,36.6423698678151
587,36.630244851987
588,36.618103377967
589,36.6059456342205
590,36.5937718075837
591,36.581582083278
592,36.5693766449235
593,36.5571556745529
594,36.5449193526248
595,36.5326678580374
596,36.5204013681416
597,36.5081200587546
598,36.4958241041727
599,36.4835136771842
600,36.4711889490826
601,36.4588500896792
602,36.4464972673159
603,36.4341306488775
604,36.4217503998044
605,36.4093566841049
606,36.3969496643673
607,36.3845295017723
608,36.3720963561047
609,36.3596503857655
610,36.347191747784
611,36.3347205978288
612,36.3222370902203
613,36.3097413779416
614,36.2972336126501
615,36.284713944689
616,36.2721825230984
617,36.2596394956263
618,36.2470850087399
619,36.2345192076364
620,36.2219422362538
621,36.209354237282
622,36.1967553521729
623,36.1841457211515
624,36.1715254832262
625,36.158894776199
626,36.1462537366763
627,36.1336025000785
628,36.1209412006508
629,36.1082699714725
630,36.0955889444677
631,36.0828982504146
632,36.0701980189559
633,36.0574883786077
634,36.0447694567699
635,36.0320413797353
636,36.0193042726992
637,36.0065582597688
638,35.9938034639723
639,35.9810400072685
640,35.9682680105557
641,35.9554875936807
642,35.942698875448
643,35.9299019736284
644,35.9170970049684
645,35.9042840851982
646,35.891463329041
647,35.8786348502214
648,35.8657987614738
649,35.8529551745511
650,35.8401042002329
651,35.827245948334
652,35.8143805277125
653,35.8015080462781
654,35.788628611
655,35.7757423279152
656,35.7628493021363
657,35.7499496378596
658,35.7370434383724
659,35.7241308060617
660,35.711211842421
661,35.6982866480583
662,35.6853553227038
663,35.6724179652173
664,35.6594746735955
665,35.6465255449795
666,35.6335706756623
667,35.6206101610956
668,35.6076440958974
669,35.594672573859
670,35.5816956879521
671,35.5687135303356
672,35.5557261923628
673,35.5427337645883
674,35.5297363367745
675,35.5167339978989
676,35.5037268361603
677,35.4907149389857
678,35.477698393037
679,35.4646772842173
680,35.4516516976776
681,35.438621717823
682,35.4255874283194
683,35.4125489120995
684,35.3995062513693
685,35.3864595276142
686,35.3734088216051
687,35.3603542134047
688,35.3472957823734
689,35.3342336071755
690,35.3211677657848
691,35.3080983354909
692,35.2950253929047
693,35.2819490139645
694,35.2688692739416
695,35.255786247446
696,35.2427000084322
697,35.2296106302046
698,35.2165181854231
699,35.2034227461088
700,35.1903243836492
701,35.1772231688039
702,35.1641191717096
703,35.151012461886
704,35.1379031082403
705,35.1247911790733
706,35.1116767420838
707,35.0985598643742
708,35.0854406124557
709,35.0723190522529
710,35.0591952491092
711,35.0460692677916
712,35.0329411724958
713,35.0198110268508
714,35.0066788939241
715,34.9935448362262
716,34.9804089157154
717,34.9672711938028
718,34.9541317313567
719,34.9409905887074
720,34.9278478256516
721,34.9147035014572
722,34.9015576748678
723,34.8884104041068
724,34.8752617468826
725,34.8621117603922
726,34.8489605013263
727,34.8358080258728
728,34.822654389722
729,34.8094996480703
730,34.7963438556245
731,34.7831870666061
732,34.7700293347554
733,34.7568707133356
734,34.743711255137
735,34.7305510124808
736,34.7173900372234
737,34.7042283807601
738,34.6910660940293
739,34.6779032275162
740,34.664739831257
741,34.6515759548423
742,34.6384116474211
743,34.6252469577047
744,34.6120819339705
745,34.5989166240653
746,34.5857510754093
747,34.572585335
748,34.5594194494152
749,34.546253464817
750,34.5330874269553
751,34.5199213811714
752,34.5067553724012
753,34.4935894451789
754,34.4804236436407
755,34.4672580115275
756,34.4540925921889
757,34.4409274285864
758,34.4277625632967
759,34.4145980385146
760,34.4014338960572
761,34.388270177366
762,34.3751069235112
763,34.3619441751939
764,34.3487819727501
765,34.3356203561531
766,34.3224593650173
767,34.3092990386007
768,34.2961394158081
769,34.2829805351945
770,34.2698224349676
771,34.2566651529909
772,34.2435087267868
773,34.2303531935395
774,34.2171985900977
775,34.2040449529778
776,34.1908923183663
777,34.1777407221231
778,34.1645901997839
779,34.1514407865632
780,34.1382925173571
781,34.1251454267458
782,34.1119995489964
783,34.0988549180658
784,34.0857115676031
785,34.0725695309521
786,34.0594288411543
787,34.0462895309515
788,34.0331516327877
789,34.0200151788126
790,34.0068802008833
791,33.9937467305673
792,33.9806147991449
793,33.9674844376116
794,33.9543556766803
795,33.9412285467842
796,33.9281030780788
797,33.9149793004446
798,33.9018572434891
799,33.8887369365495
800,33.8756184086948
801,33.8625016887279
802,33.8493868051884
803,33.8362737863546
804,33.8231626602455
805,33.8100534546233
806,33.7969461969957
807,33.7838409146177
808,33.7707376344942
809,33.7576363833817
810,33.7445371877908
811,33.7314400739881
812,33.7183450679983
813,33.7052521956066
814,33.6921614823603
815,33.6790729535707
816,33.6659866343161
817,33.6529025494426
818,33.6398207235668
819,33.6267411810778
820,33.6136639461385
821,33.6005890426884
822,33.587516494445
823,33.5744463249056
824,33.5613785573496
825,33.5483132148402
826,33.535250320226
827,33.5221898961433
828,33.5091319650174
829,33.4960765490649
830,33.4830236702952
831,33.4699733505124
832,33.4569256113169
833,33.4438804741074
834,33.4308379600823
835,33.4177980902417
836,33.4047608853892
837,33.3917263661331
838,33.3786945528885
839,33.3656654658787
840,33.3526391251372
841,33.339615550509
842,33.3265947616521
843,33.3135767780396
844,33.300561618961
845,33.2875493035235
846,33.2745398506542
847,33.261533279101
848,33.2485296074346
849,33.2355288540497
850,33.2225310371668
851,33.2095361748336
852,33.1965442849262
853,33.1835553851509
854,33.1705694930457
855,33.1575866259816
856,33.1446068011637
857,33.1316300356334
858,33.1186563462692
859,33.1056857497882
860,33.0927182627477
861,33.0797539015462
862,33.0667926824252
863,33.0538346214703
864,33.0408797346126
865,33.0279280376298
866,33.014979546148
867,33.0020342756425
868,32.9890922414395
869,32.9761534587171
870,32.9632179425066
871,32.950285707694
872,32.937356769021
873,32.9244311410861
874,32.9115088383465
875,32.8985898751185
876,32.8856742655792
877,32.8727620237675
878,32.8598531635855
879,32.8469476987993
880,32.8340456430407
881,32.8211470098077
882,32.8082518124663
883,32.7953600642513
884,32.7824717782672
885,32.7695869674899
886,32.7567056447673
887,32.7438278228206
888,32.7309535142455
889,32.7180827315131
890,32.705215486971
891,32.6923517928443
892,32.679491661237
893,32.6666351041325
894,32.653782133395
895,32.6409327607706
896,32.6280869978881
897,32.6152448562598
898,32.6024063472832
899,32.5895714822412
900,32.5767402723037
901,32.5639127285282
902,32.5510888618608
903,32.5382686831374
904,32.5254522030845
905,32.5126394323199
906,32.4998303813541
907,32.4870250605909
908,32.4742234803284
909,32.4614256507599
910,32.448631581975
911,32.43584128396
912,32.4230547665993
913,32.4102720396761
914,32.3974931128731
915,32.3847179957737
916,32.3719466978625
917,32.3591792285264
918,32.3464155970554
919,32.3336558126432
920,32.3208998843885
921,32.3081478212954
922,32.2953996322743
923,32.2826553261429
924,32.2699149116268
925,32.2571783973602
926,32.2444457918872
927,32.2317171036618
928,32.2189923410495
929,32.2062715123274
930,32.1935546256852
931,32.1808416892261
932,32.1681327109674
933,32.1554276988413
934,32.1427266606954
935,32.1300296042938
936,32.1173365373176
937,32.1046474673657
938,32.0919624019553
939,32.0792813485229
940,32.066604314425
941,32.0539313069383
942,32.0412623332611
943,32.0285974005134
944,32.015936515738
945,32.0032796859006
946,31.9906269178913
947,31.9779782185243
948,31.9653335945395
949,31.9526930526023
950,31.9400565993049
951,31.9274242411664
952,31.9147959846339
953,31.9021718360827
954,31.8895518018173
955,31.8769358880718
956,31.8643241010105
957,31.8517164467284
958,31.8391129312523
959,31.8265135605408
960,31.8139183404851
961,31.8013272769096
962,31.7887403755727
963,31.7761576421668
964,31.7635790823196
965,31.751004701594
966,31.738434505489
967,31.7258684994404
968,31.7133066888208
969,31.7007490789407
970,31.6881956750489
971,31.6756464823327
972,31.6631015059189
973,31.650560750874
974,31.638024222205
975,31.6254919248595
976,31.6129638637266
977,31.6004400436374
978,31.587920469365
979,31.5754051456258
980,31.5628940770793
981,31.5503872683289
982,31.5378847239224
983,31.5253864483524
984,31.5128924460568
985,31.5004027214193
986,31.4879172787697
987,31.4754361223847
988,31.462959256488
989,31.4504866852512
990,31.4380184127938
991,31.4255544431837
992,31.413094780438
993,31.4006394285231
994,31.3881883913554
995,31.3757416728015
996,31.3632992766787
997,31.3508612067554
998,31.3384274667518
999,31.3259980603399
1000,31.3135729911442
1001,31.301152262742
1002,31.2887358786638
1003,31.2763238423938
1004,31.2639161573703
1005,31.2515128269859
1006,31.2391138545881
1007,31.2267192434796
1008,31.214328996919
1009,31.2019431181204
1010,31.1895616102547
1011,31.1771844764494
1012,31.1648117197891
1013,31.1524433433161
1014,31.1400793500304
1015,31.1277197428904
1016,31.1153645248129
1017,31.1030136986739
1018,31.0906672673087
1019,31.0783252335121
1020,31.0659876000391
1021,31.0536543696051
1022,31.0413255448862
1023,31.0290011285194
1024,31.0166811231033
1025,31.0043655311983
1026,30.9920543553267
1027,30.9797475979733
1028,30.9674452615856
1029,30.9551473485742
1030,30.9428538613131
1031,30.9305648021398
1032,30.9182801733562
1033,30.9059999772282
1034,30.8937242159865
1035,30.8814528918267
1036,30.8691860069097
1037,30.8569235633618
1038,30.8446655632755
1039,30.832412008709
1040,30.8201629016874
1041,30.8079182442023
1042,30.7956780382123
1043,30.7834422856435
1044,30.7712109883896
1045,30.7589841483119
1046,30.7467617672403
1047,30.7345438469728
1048,30.7223303892764
1049,30.7101213958868
1050,30.6979168685093
1051,30.6857168088186
1052,30.6735212184592
1053,30.6613300990455
1054,30.6491434521626
1055,30.6369612793659
1056,30.6247835821818
1057,30.6126103621078
1058,30.6004416206126
1059,30.5882773591367
1060,30.5761175790924
1061,30.5639622818641
1062,30.5518114688086
1063,30.5396651412551
1064,30.5275233005059
1065,30.5153859478363
1066,30.5032530844947
1067,30.4911247117033
1068,30.4790008306579
1069,30.4668814425286
1070,30.4547665484593
1071,30.4426561495686
1072,30.4305502469498
1073,30.4184488416712
1074,30.4063519347759
1075,30.3942595272827
1076,30.3821716201857
1077,30.370088214455
1078,30.3580093110364
1079,30.3459349108523
1080,30.3338650148012
1081,30.3217996237583
1082,30.3097387385756
1083,30.2976823600823
1084,30.2856304890847
1085,30.2735831263664
1086,30.2615402726889
1087,30.2495019287914
1088,30.2374680953911
1089,30.2254387731834
1090,30.2134139628423
1091,30.2013936650201
1092,30.1893778803482
1093,30.1773666094367
1094,30.1653598528752
1095,30.1533576112322
1096,30.1413598850562
1097,30.129366674875
1098,30.1173779811967
1099,30.1053938045091
1100,30.0934141452804
1101,30.0814390039594
1102,30.0694683809751
1103,30.0575022767376
1104,30.0455406916379
1105,30.0335836260478
1106,30.0216310803209
1107,30.0096830547917
1108,29.9977395497766
1109,29.9858005655739
1110,29.9738661024634
1111,29.9619361607074
1112,29.9500107405503
1113,29.9380898422188
1114,29.9261734659223
1115,29.9142616118529
1116,29.9023542801855
1117,29.8904514710782
1118,29.878553184672
1119,29.8666594210916
1120,29.8547701804447
1121,29.8428854628231
1122,29.8310052683021
1123,29.8191295969408
1124,29.8072584487827
1125,29.7953918238553
1126,29.7835297221705
1127,29.7716721437245
1128,29.7598190884983
1129,29.7479705564577
1130,29.7361265475532
1131,29.7242870617206
1132,29.7124520988806
1133,29.7006216589392
1134,29.6887957417881
1135,29.6769743473043
1136,29.6651574753505
1137,29.6533451257754
1138,29.6415372984135
1139,29.6297339930854
1140,29.6179352095978
1141,29.6061409477439
1142,29.5943512073032
1143,29.5825659880418
1144,29.5707852897125
1145,29.559009112055
1146,29.5472374547956
1147,29.5354703176481
1148,29.5237077003131
1149,29.5119496024785
1150,29.5001960238199
1151,29.4884469639999
1152,29.4767024226693
1153,29.4649623994661
1154,29.4532268940164
1155,29.4414959059343
1156,29.4297694348217
1157,29.418047480269
1158,29.4063300418545
1159,29.3946171191452
1160,29.3829087116965
1161,29.3712048190523
1162,29.3595054407451
1163,29.3478105762965
1164,29.3361202252168
1165,29.3244343870053
1166,29.3127530611503
1167,29.3010762471296
1168,29.28940394441
1169,29.2777361524479
1170,29.2660728706889
1171,29.2544140985685
1172,29.2427598355118
1173,29.2311100809335
1174,29.2194648342383
1175,29.207824094821
1176,29.1961878620661
1177,29.1845561353485
1178,29.1729289140334
1179,29.161306197476
1180,29.1496879850223
1181,29.1380742760084
1182,29.1264650697614
1183,29.1148603655987
1184,29.1032601628287
1185,29.0916644607506
1186,29.0800732586543
1187,29.0684865558211
1188,29.0569043515232
1189,29.0453266450238
1190,29.0337534355776
1191,29.0221847224306
1192,29.0106205048201
1193,28.9990607819751
1194,28.9875055531159
1195,28.9759548174547
1196,28.9644085741954
1197,28.9528668225335
1198,28.9413295616565
1199,28.9297967907441
1200,28.9182685089676
1201,28.9067447154907
1202,28.8952254094692
1203,28.8837105900511
1204,28.8722002563769
1205,28.8606944075793
1206,28.8491930427836
1207,28.8376961611075
1208,28.8262037616615
1209,28.8147158435485
1210,28.8032324058645
1211,28.791753447698
1212,28.7802789681306
1213,28.7688089662366
1214,28.7573434410837
1215,28.7458823917323
1216,28.7344258172361
1217,28.722973716642
1218,28.7115260889902
1219,28.7000829333142
1220,28.6886442486409
1221,28.6772100339906
1222,28.6657802883774
1223,28.6543550108086
1224,28.6429342002853
1225,28.6315178558024
1226,28.6201059763486
1227,28.6086985609061
1228,28.5972956084513
1229,28.5858971179544
1230,28.5745030883798
1231,28.5631135186856
1232,28.5517284078242
1233,28.5403477547423
1234,28.5289715583807
1235,28.5175998176744
1236,28.5062325315528
1237,28.4948696989397
1238,28.4835113187534
1239,28.4721573899067
1240,28.4608079113067
1241,28.4494628818554
1242,28.4381223004494
1243,28.4267861659798
1244,28.4154544773327
1245,28.4041272333889
1246,28.3928044330241
1247,28.3814860751087
1248,28.3701721585084
1249,28.3588626820837
1250,28.3475576446902
1251,28.3362570451785
1252,28.3249608823945
1253,28.3136691551792
1254,28.3023818623688
1255,28.2910990027951
1256,28.2798205752847
1257,28.2685465786601
1258,28.257277011739
1259,28.2460118733345
1260,28.2347511622552
1261,28.2234948773056
1262,28.2122430172853
1263,28.20099558099
1264,28.1897525672109
1265,28.1785139747348
1266,28.1672798023444
1267,28.1560500488184
1268,28.144824712931
1269,28.1336037934526
1270,28.1223872891494
1271,28.1111751987836
1272,28.0999675211133
1273,28.088764254893
1274,28.0775653988729
1275,28.0663709517996
1276,28.0551809124159
1277,28.0439952794606
1278,28.0328140516689
1279,28.0216372277722
1280,28.0104648064985
1281,27.9992967865718
1282,27.9881331667127
1283,27.9769739456383
1284,27.965819122062
1285,27.9546686946938
1286,27.9435226622403
1287,27.9323810234046
1288,27.9212437768865
1289,27.9101109213824
1290,27.8989824555853
1291,27.8878583781851
1292,27.8767386878684
1293,27.8656233833184
1294,27.8545124632155
1295,27.8434059262366
1296,27.8323037710557
1297,27.8212059963435
1298,27.810112600768
1299,27.7990235829938
1300,27.7879389416828
1301,27.7768586754938
1302,27.7657827830827
1303,27.7547112631026
1304,27.7436441142037
1305,27.7325813350332
1306,27.7215229242356
1307,27.7104688804529
1308,27.6994192023239
1309,27.688373888485
1310,27.6773329375698
1311,27.6662963482092
1312,27.6552641190317
1313,27.6442362486629
1314,27.6332127357261
1315,27.6221935788417
1316,27.6111787766281
1317,27.6001683277007
1318,27.5891622306727
1319,27.5781604841549
1320,27.5671630867555
1321,27.5561700370806
1322,27.5451813337336
1323,27.5341969753159
1324,27.5232169604263
1325,27.5122412876616
1326,27.5012699556161
1327,27.490302962882
1328,27.4793403080493
1329,27.4683819897058
1330,27.457428006437
1331,27.4464783568266
1332,27.435533039456
1333,27.4245920529043
1334,27.4136553957489
1335,27.402723066565
1336,27.3917950639259
1337,27.3808713864026
1338,27.3699520325644
1339,27.3590370009787
1340,27.3481262902108
1341,27.3372198988242
1342,27.3263178253804
1343,27.3154200684392
1344,27.3045266265585
1345,27.2936374982943
1346,27.2827526822009
1347,27.2718721768309
1348,27.260995980735
1349,27.2501240924622
1350,27.2392565105598
1351,27.2283932335735
1352,27.2175342600471
1353,27.2066795885231
1354,27.195829217542
1355,27.1849831456428
1356,27.1741413713632
1357,27.1633038932389
1358,27.1524707098042
1359,27.1416418195921
1360,27.1308172211337
1361,27.1199969129588
1362,27.1091808935958
1363,27.0983691615714
1364,27.0875617154111
1365,27.0767585536388
1366,27.0659596747771
1367,27.0551650773472
1368,27.0443747598688
1369,27.0335887208604
1370,27.0228069588392
1371,27.0120294723208
1372,27.0012562598198
1373,26.9904873198493
1374,26.9797226509213
1375,26.9689622515465
1376,26.9582061202342
1377,26.9474542554927
1378,26.936706655829
1379,26.9259633197488
1380,26.9152242457568
1381,26.9044894323565
1382,26.8937588780502
1383,26.8830325813391
1384,26.8723105407233
1385,26.8615927547018
1386,26.8508792217724
1387,26.8401699404321
1388,26.8294649091765
1389,26.8187641265006
1390,26.8080675908978
1391,26.7973753008611
1392,26.786687254882
1393,26.7760034514514
1394,26.765323889059
1395,26.7546485661935
1396,26.7439774813429
1397,26.7333106329941
1398,26.7226480196331
1399,26.7119896397451
1400,26.7013354918142
1401,26.6906855743239
1402,26.6800398857567
1403,26.6693984245942
1404,26.6587611893171
1405,26.6481281784056
1406,26.6374993903388
1407,26.6268748235951
1408,26.6162544766521
1409,26.6056383479867
1410,26.5950264360748
1411,26.5844187393918
1412,26.5738152564123
1413,26.5632159856101
1414,26.5526209254584
1415,26.5420300744296
1416,26.5314434309955
1417,26.5208609936271
1418,26.5102827607949
1419,26.4997087309685
1420,26.4891389026171
1421,26.4785732742091
1422,26.4680118442124
1423,26.4574546110941
1424,26.446901573321
1425,26.436352729359
1426,26.4258080776736
1427,26.4152676167296
1428,26.4047313449915
1429,26.3941992609228
1430,26.3836713629869
1431,26.3731476496465
1432,26.3626281193637
1433,26.3521127706003
1434,26.3416016018172
1435,26.3310946114753
1436,26.3205917980347
1437,26.3100931599552
1438,26.299598695696
1439,26.2891084037158
1440,26.2786222824732
1441,26.2681403304259
1442,26.2576625460315
1443,26.2471889277471
1444,26.2367194740293
1445,26.2262541833345
1446,26.2157930541184
1447,26.2053360848368
1448,26.1948832739446
1449,26.1844346198966
1450,26.1739901211473
1451,26.1635497761507
1452,26.1531135833606
1453,26.1426815412304
1454,26.1322536482131
1455,26.1218299027616
1456,26.1114103033282
1457,26.1009948483652
1458,26.0905835363244
1459,26.0801763656575
1460,26.0697733348157
1461,26.0593744422501
1462,26.0489796864116
1463,26.0385890657505
1464,26.0282025787174
1465,26.0178202237621
1466,26.0074419993346
1467,25.9970679038845
1468,25.9866979358612
1469,25.9763320937138
1470,25.9659703758915
1471,25.9556127808429
1472,25.9452593070167
1473,25.9349099528613
1474,25.9245647168251
1475,25.914223597356
1476,25.9038865929022
1477,25.8935537019113
1478,25.883224922831
1479,25.8729002541088
1480,25.8625796941921
1481,25.8522632415282
1482,25.8419508945641
1483,25.831642651747
1484,25.8213385115237
1485,25.8110384723411
1486,25.8007425326458
1487,25.7904506908846
1488,25.7801629455039
1489,25.7698792949503
1490,25.7595997376701
1491,25.7493242721098
1492,25.7390528967155
1493,25.7287856099336
1494,25.7185224102102
1495,25.7082632959915
1496,25.6980082657236
1497,25.6877573178525
1498,25.6775104508245
1499,25.6672676630854
1500,25.6570289530813
1501,25.6467943192582
1502,25.6365637600623
1503,25.6263372739394
1504,25.6161148593357
1505,25.6058965146971
1506,25.5956822384699
1507,25.5854720290999
1508,25.5752658850334
1509,25.5650638047166
1510,25.5548657865956
1511,25.5446718291166
1512,25.534481930726
1513,25.5242960898701
1514,25.5141143049952
1515,25.503936574548
1516,25.4937628969748
1517,25.4835932707224
1518,25.4734276942373
1519,25.4632661659664
1520,25.4531086843565
1521,25.4429552478546
1522,25.4328058549076
1523,25.4226605039628
1524,25.4125191934674
1525,25.4023819218687
1526,25.3922486876142
1527,25.3821194891515
1528,25.3719943249283
1529,25.3618731933925
1530,25.3517560929919
1531,25.3416430221747
1532,25.3315339793892
1533,25.3214289630837
1534,25.3113279717067
1535,25.3012310037069
1536,25.2911380575332
1537,25.2810491316345
1538,25.27096422446
1539,25.2608833344589
1540,25.2508064600809
1541,25.2407335997755
1542,25.2306647519926
1543,25.2205999151822
1544,25.2105390877944
1545,25.2004822682798
1546,25.1904294550889
1547,25.1803806466724
1548,25.1703358414813
1549,25.1602950379669
1550,25.1502582345804
1551,25.1402254297735
1552,25.1301966219981
1553,25.1201718097061
1554,25.1101509913497
1555,25.1001341653815
1556,25.0901213302541
1557,25.0801124844204
1558,25.0701076263337
1559,25.0601067544472
1560,25.0501098672147
1561,25.04011696309
1562,25.0301280405271
1563,25.0201430979806
1564,25.010162133905
1565,25.0001851467551
1566,24.9902121349861
1567,24.9802430970534
1568,24.9702780314126
1569,24.9603169365196
1570,24.9503598108307
1571,24.9404066528023
1572,24.9304574608911
1573,24.9205122335542
1574,24.9105709692488
1575,24.9006336664324
1576,24.8907003235631
1577,24.8807709390988
1578,24.8708455114981
1579,24.8609240392196
1580,24.8510065207225
1581,24.841092954466
1582,24.8311833389098
1583,24.8212776725137
1584,24.8113759537381
1585,24.8014781810435
1586,24.7915843528908
1587,24.781694467741
1588,24.7718085240558
1589,24.7619265202969
1590,24.7520484549265
1591,24.742174326407
1592,24.7323041332012
1593,24.7224378737722
1594,24.7125755465834
1595,24.7027171500987
1596,24.6928626827821
1597,24.6830121430981
1598,24.6731655295115
1599,24.6633228404873
1600,24.6534840744911
1601,24.6436492299887
1602,24.6338183054463
1603,24.6239912993303
1604,24.6141682101077
1605,24.6043490362456
1606,24.5945337762117
1607,24.5847224284739
1608,24.5749149915005
1609,24.5651114637601
1610,24.5553118437218
1611,24.545516129855
1612,24.5357243206294
1613,24.5259364145152
1614,24.5161524099829
1615,24.5063723055033
1616,24.4965960995478
1617,24.4868237905879
1618,24.4770553770957
1619,24.4672908575435
1620,24.4575302304042
1621,24.4477734941509
1622,24.4380206472572
1623,24.428271688197
1624,24.4185266154446
1625,24.4087854274747
1626,24.3990481227626
1627,24.3893146997836
1628,24.3795851570137
1629,24.3698594929293
1630,24.3601377060069
1631,24.3504197947238
1632,24.3407057575574
1633,24.3309955929857
1634,24.321289299487
1635,24.31158687554
1636,24.3018883196239
1637,24.2921936302182
1638,24.2825028058029
1639,24.2728158448584
1640,24.2631327458655
1641,24.2534535073054
1642,24.2437781276598
1643,24.2341066054106
1644,24.2244389390404
1645,24.2147751270321
1646,24.205115167869
1647,24.1954590600348
1648,24.1858068020138
1649,24.1761583922905
1650,24.16651382935
1651,24.1568731116777
1652,24.1472362377596
1653,24.137603206082
1654,24.1279740151316
1655,24.1183486633957
1656,24.1087271493618
1657,24.0991094715182
1658,24.0894956283532
1659,24.079885618356
1660,24.0702794400158
1661,24.0606770918225
1662,24.0510785722665
1663,24.0414838798384
1664,24.0318930130295
1665,24.0223059703313
1666,24.012722750236
1667,24.0031433512362
1668,23.9935677718247
1669,23.983996010495
1670,23.9744280657411
1671,23.9648639360573
1672,23.9553036199384
1673,23.9457471158796
1674,23.9361944223767
1675,23.9266455379258
1676,23.9171004610236
1677,23.9075591901672
1678,23.8980217238542
1679,23.8884880605825
1680,23.8789581988508
1681,23.8694321371578
1682,23.8599098740031
1683,23.8503914078866
1684,23.8408767373085
1685,23.8313658607698
1686,23.8218587767717
1687,23.8123554838159
1688,23.8028559804048
1689,23.793360265041
1690,23.7838683362278
1691,23.7743801924687
1692,23.7648958322679
1693,23.7554152541301
1694,23.7459384565602
1695,23.7364654380639
1696,23.7269961971472
1697,23.7175307323167
1698,23.7080690420793
1699,23.6986111249425
1700,23.6891569794142
1701,23.6797066040031
1702,23.6702599972178
1703,23.6608171575679
1704,23.6513780835633
1705,23.6419427737144
1706,23.6325112265319
1707,23.6230834405273
1708,23.6136594142125
1709,23.6042391460997
1710,23.5948226347018
1711,23.5854098785321
1712,23.5760008761043
1713,23.5665956259329
1714,23.5571941265325
1715,23.5477963764185
1716,23.5384023741066
1717,23.529012118113
1718,23.5196256069546
1719,23.5102428391486
1720,23.5008638132128
1721,23.4914885276653
1722,23.482116981025
1723,23.472749171811
1724,23.4633850985432
1725,23.4540247597417
1726,23.4446681539273
1727,23.4353152796213
1728,23.4259661353453
1729,23.4166207196216
1730,23.4072790309729
1731,23.3979410679225
1732,23.3886068289942
1733,23.3792763127121
1734,23.369949517601
1735,23.3606264421863
1736,23.3513070849935
1737,23.3419914445491
1738,23.3326795193798
1739,23.3233713080128
1740,23.314066808976
1741,23.3047660207976
1742,23.2954689420065
1743,23.2861755711319
1744,23.2768859067036
1745,23.2675999472521
1746,23.2583176913081
1747,23.2490391374029
1748,23.2397642840685
1749,23.2304931298371
1750,23.2212256732418
1751,23.2119619128158
1752,23.202701847093
1753,23.193445474608
1754,23.1841927938955
1755,23.1749438034912
1756,23.1656985019308
1757,23.1564568877509
1758,23.1472189594885
1759,23.137984715681
1760,23.1287541548665
1761,23.1195272755836
1762,23.1103040763712
1763,23.1010845557689
1764,23.0918687123168
1765,23.0826565445556
1766,23.0734480510262
1767,23.0642432302704
1768,23.0550420808303
1769,23.0458446012486
1770,23.0366507900685
1771,23.0274606458336
1772,23.0182741670883
1773,23.0090913523772
1774,22.9999122002456
1775,22.9907367092394
1776,22.9815648779047
1777,22.9723967047886
1778,22.9632321884382
1779,22.9540713274015
1780,22.944914120227
1781,22.9357605654634
1782,22.9266106616602
1783,22.9174644073675
1784,22.9083218011357
1785,22.8991828415157
1786,22.8900475270593
1787,22.8809158563183
1788,22.8717878278454
1789,22.8626634401937
1790,22.8535426919168
1791,22.8444255815689
1792,22.8353121077047
1793,22.8262022688793
1794,22.8170960636486
1795,22.8079934905687
1796,22.7988945481965
1797,22.7897992350892
1798,22.7807075498047
1799,22.7716194909014
1800,22.7625350569382
1801,22.7534542464744
1802,22.74437705807
1803,22.7353034902855
1804,22.726233541682
1805,22.7171672108208
1806,22.7081044962641
1807,22.6990453965745
1808,22.6899899103151
1809,22.6809380360494
1810,22.6718897723418
1811,22.6628451177569
1812,22.6538040708598
1813,22.6447666302165
1814,22.6357327943931
1815,22.6267025619565
1816,22.617675931474
1817,22.6086529015135
1818,22.5996334706435
1819,22.5906176374327
1820,22.5816054004508
1821,22.5725967582677
1822,22.563591709454
1823,22.5545902525806
1824,22.5455923862192
1825,22.5365981089419
1826,22.5276074193214
1827,22.5186203159308
1828,22.5096367973439
1829,22.5006568621348
1830,22.4916805088785
1831,22.4827077361501
1832,22.4737385425255
1833,22.4647729265811
1834,22.4558108868938
1835,22.4468524220411
1836,22.4378975306009
1837,22.4289462111516
1838,22.4199984622724
1839,22.4110542825428
1840,22.4021136705428
1841,22.3931766248532
1842,22.3842431440551
1843,22.3753132267301
1844,22.3663868714606
1845,22.3574640768292
1846,22.3485448414193
1847,22.3396291638146
1848,22.3307170425996
1849,22.3218084763592
1850,22.3129034636787
1851,22.3040020031441
1852,22.2951040933419
1853,22.2862097328592
1854,22.2773189202834
1855,22.2684316542028
1856,22.2595479332058
1857,22.2506677558817
1858,22.2417911208202
1859,22.2329180266115
1860,22.2240484718463
1861,22.2151824551159
1862,22.2063199750122
1863,22.1974610301275
1864,22.1886056190548
1865,22.1797537403874
1866,22.1709053927193
1867,22.162060574645
1868,22.1532192847595
1869,22.1443815216584
1870,22.1355472839378
1871,22.1267165701944
1872,22.1178893790252
1873,22.109065709028
1874,22.100245558801
1875,22.091428926943
1876,22.0826158120532
1877,22.0738062127316
1878,22.0650001275785
1879,22.0561975551947
1880,22.0473984941818
1881,22.0386029431416
1882,22.0298109006767
1883,22.0210223653902
1884,22.0122373358855
1885,22.0034558107668
1886,21.9946777886388
1887,21.9859032681066
1888,21.9771322477759
1889,21.9683647262529
1890,21.9596007021445
1891,21.9508401740579
1892,21.942083140601
1893,21.9333296003821
1894,21.9245795520102
1895,21.9158329940947
1896,21.9070899252455
1897,21.8983503440733
1898,21.8896142491889
1899,21.8808816392041
1900,21.8721525127309
1901,21.8634268683819
1902,21.8547047047703
1903,21.8459860205099
1904,21.8372708142148
1905,21.8285590844999
1906,21.8198508299805
1907,21.8111460492724
1908,21.8024447409919
1909,21.7937469037561
1910,21.7850525361822
1911,21.7763616368884
1912,21.7676742044931
1913,21.7589902376153
1914,21.7503097348746
1915,21.7416326948912
1916,21.7329591162856
1917,21.7242889976791
1918,21.7156223376933
1919,21.7069591349504
1920,21.6982993880733
1921,21.6896430956853
1922,21.6809902564101
1923,21.6723408688722
1924,21.6636949316964
1925,21.6550524435081
1926,21.6464134029334
1927,21.6377778085987
1928,21.6291456591311
1929,21.620516953158
1930,21.6118916893076
1931,21.6032698662086
1932,21.59465148249
1933,21.5860365367815
1934,21.5774250277134
1935,21.5688169539164
1936,21.5602123140217
1937,21.5516111066613
1938,21.5430133304674
1939,21.5344189840729
1940,21.5258280661111
1941,21.5172405752161
1942,21.5086565100223
1943,21.5000758691647
1944,21.4914986512787
1945,21.4829248550006
1946,21.4743544789668
1947,21.4657875218144
1948,21.4572239821811
1949,21.4486638587051
1950,21.4401071500251
1951,21.4315538547804
1952,21.4230039716106
1953,21.414457499156
1954,21.4059144360576
1955,21.3973747809566
1956,21.388838532495
1957,21.3803056893151
1958,21.3717762500599
1959,21.3632502133729
1960,21.354727577898
1961,21.3462083422798
1962,21.3376925051633
1963,21.3291800651942
1964,21.3206710210185
1965,21.3121653712829
1966,21.3036631146345
1967,21.2951642497211
1968,21.2866687751908
1969,21.2781766896925
1970,21.2696879918754
1971,21.2612026803893
1972,21.2527207538846
1973,21.2442422110121
1974,21.2357670504233
1975,21.2272952707699
1976,21.2188268707046
1977,21.2103618488802
1978,21.2019002039503
1979,21.1934419345688
1980,21.1849870393904
1981,21.1765355170702
1982,21.1680873662636
1983,21.1596425856269
1984,21.1512011738168
1985,21.1427631294903
1986,21.1343284513053
1987,21.1258971379199
1988,21.117469187993
1989,21.1090446001837
1990,21.100623373152
1991,21.0922055055581
1992,21.083790996063
1993,21.075379843328
1994,21.066972046015
1995,21.0585676027865
1996,21.0501665123055
1997,21.0417687732353
1998,21.0333743842401
1999,21.0249833439844
2000,21.0165956511332
2001,21.0082113043521
2002,20.9998303023072
2003,20.9914526436652
2004,20.9830783270932
2005,20.9747073512589
2006,20.9663397148306
2007,20.9579754164768
2008,20.9496144548669
2009,20.9412568286706
2010,20.9329025365583
2011,20.9245515772008
2012,20.9162039492693
2013,20.9078596514358
2014,20.8995186823727
2015,20.8911810407528
2016,20.8828467252495
2017,20.8745157345369
2018,20.8661880672894
2019,20.857863722182
2020,20.8495426978902
2021,20.84122499309
2022,20.832910606458
2023,20.8245995366712
2024,20.8162917824074
2025,20.8079873423445
2026,20.7996862151612
2027,20.7913883995368
2028,20.7830938941508
2029,20.7748026976834
2030,20.7665148088154
2031,20.7582302262281
2032,20.7499489486031
2033,20.7416709746228
2034,20.7333963029699
2035,20.7251249323278
2036,20.7168568613802
2037,20.7085920888117
2038,20.7003306133069
2039,20.6920724335514
2040,20.683817548231
2041,20.6755659560321
2042,20.6673176556417
2043,20.6590726457473
2044,20.6508309250368
2045,20.6425924921988
2046,20.6343573459222
2047,20.6261254848965
2048,20.6178969078119
2049,20.6096716133589
2050,20.6014496002286
2051,20.5932308671126
2052,20.5850154127029
2053,20.5768032356923
2054,20.5685943347738
2055,20.5603887086412
2056,20.5521863559886
2057,20.5439872755107
2058,20.5357914659027
2059,20.5275989258604
2060,20.5194096540799
2061,20.5112236492582
2062,20.5030409100923
2063,20.4948614352801
2064,20.48668522352
2065,20.4785122735106
2066,20.4703425839515
2067,20.4621761535423
2068,20.4540129809834
2069,20.4458530649758
2070,20.4376964042208
2071,20.4295429974202
2072,20.4213928432766
2073,20.4132459404929
2074,20.4051022877723
2075,20.3969618838191
2076,20.3888247273374
2077,20.3806908170325
2078,20.3725601516097
2079,20.364432729775
2080,20.356308550235
2081,20.3481876116966
2082,20.3400699128675
2083,20.3319554524556
2084,20.3238442291695
2085,20.3157362417183
2086,20.3076314888115
2087,20.2995299691592
2088,20.2914316814721
2089,20.2833366244613
2090,20.2752447968383
2091,20.2671561973153
2092,20.2590708246049
2093,20.2509886774203
2094,20.2429097544752
2095,20.2348340544837
2096,20.2267615761604
2097,20.2186923182207
2098,20.21062627938
2099,20.2025634583548
2100,20.1945038538617
2101,20.1864474646178
2102,20.178394289341
2103,20.1703443267494
2104,20.1622975755619
2105,20.1542540344976
2106,20.1462137022763
2107,20.1381765776183
2108,20.1301426592444
2109,20.1221119458759
2110,20.1140844362344
2111,20.1060601290424
2112,20.0980390230226
2113,20.0900211168983
2114,20.0820064093934
2115,20.0739948992321
2116,20.0659865851393
2117,20.0579814658404
2118,20.049979540061
2119,20.0419808065277
2120,20.0339852639672
2121,20.0259929111069
2122,20.0180037466746
2123,20.0100177693988
2124,20.0020349780081
2125,19.9940553712322
2126,19.9860789478007
2127,19.9781057064441
2128,19.9701356458932
2129,19.9621687648795
2130,19.9542050621348
2131,19.9462445363915
2132,19.9382871863825
2133,19.9303330108413
2134,19.9223820085016
2135,19.9144341780979
2136,19.9064895183651
2137,19.8985480280386
2138,19.8906097058543
2139,19.8826745505486
2140,19.8747425608585
2141,19.8668137355212
2142,19.8588880732749
2143,19.8509655728577
2144,19.8430462330088
2145,19.8351300524674
2146,19.8272170299735
2147,19.8193071642675
2148,19.8114004540903
2149,19.8034968981834
2150,19.7955964952886
2151,19.7876992441484
2152,19.7798051435056
2153,19.7719141921038
2154,19.7640263886867
2155,19.7561417319989
2156,19.7482602207851
2157,19.7403818537909
2158,19.7325066297621
2159,19.7246345474451
2160,19.7167656055869
2161,19.7088998029348
2162,19.7010371382367
2163,19.693177610241
2164,19.6853212176966
2165,19.6774679593529
2166,19.6696178339599
2167,19.6617708402677
2168,19.6539269770274
2169,19.6460862429903
2170,19.6382486369083
2171,19.6304141575338
2172,19.6225828036196
2173,19.614754573919
2174,19.6069294671859
2175,19.5991074821747
2176,19.5912886176403
2177,19.5834728723378
2178,19.5756602450233
2179,19.567850734453
2180,19.5600443393836
2181,19.5522410585727
2182,19.5444408907779
2183,19.5366438347575
2184,19.5288498892704
2185,19.5210590530758
2186,19.5132713249336
2187,19.505486703604
2188,19.4977051878477
2189,19.4899267764261
2190,19.4821514681008
2191,19.4743792616342
2192,19.466610155789
2193,19.4588441493283
2194,19.451081241016
2195,19.4433214296162
2196,19.4355647138937
2197,19.4278110926136
2198,19.4200605645416
2199,19.412313128444
2200,19.4045687830873
2201,19.3968275272387
2202,19.3890893596659
2203,19.3813542791371
2204,19.3736222844208
2205,19.3658933742862
2206,19.3581675475028
2207,19.3504448028409
2208,19.3427251390709
2209,19.3350085549639
2210,19.3272950492916
2211,19.3195846208259
2212,19.3118772683394
2213,19.3041729906052
2214,19.2964717863967
2215,19.288773654488
2216,19.2810785936536
2217,19.2733866026684
2218,19.2656976803079
2219,19.258011825348
2220,19.2503290365653
2221,19.2426493127366
2222,19.2349726526394
2223,19.2272990550515
2224,19.2196285187514
2225,19.2119610425179
2226,19.2042966251304
2227,19.1966352653688
2228,19.1889769620133
2229,19.1813217138448
2230,19.1736695196446
2231,19.1660203781945
2232,19.1583742882767
2233,19.1507312486741
2234,19.1430912581698
2235,19.1354543155476
2236,19.1278204195917
2237,19.1201895690868
2238,19.112561762818
2239,19.1049369995711
2240,19.0973152781321
2241,19.0896965972878
2242,19.0820809558252
2243,19.0744683525318
2244,19.0668587861959
2245,19.0592522556059
2246,19.0516487595509
2247,19.0440482968205
2248,19.0364508662045
2249,19.0288564664935
2250,19.0212650964785
2251,19.013676754951
2252,19.0060914407028
2253,18.9985091525263
2254,18.9909298892145
2255,18.9833536495608
2256,18.9757804323589
2257,18.9682102364033
2258,18.9606430604887
2259,18.9530789034104
2260,18.9455177639643
2261,18.9379596409464
2262,18.9304045331537
2263,18.9228524393833
2264,18.9153033584329
2265,18.9077572891006
2266,18.9002142301851
2267,18.8926741804856
2268,18.8851371388016
2269,18.8776031039333
2270,18.8700720746811
2271,18.8625440498461
2272,18.8550190282299
2273,18.8474970086344
2274,18.8399779898621
2275,18.8324619707159
2276,18.8249489499994
2277,18.8174389265163
2278,18.809931899071
2279,18.8024278664684
2280,18.7949268275139
2281,18.7874287810132
2282,18.7799337257726
2283,18.7724416605989
2284,18.7649525842992
2285,18.7574664956814
2286,18.7499833935536
2287,18.7425032767244
2288,18.7350261440029
2289,18.7275519941989
2290,18.7200808261223
2291,18.7126126385837
2292,18.7051474303941
2293,18.6976852003651
2294,18.6902259473086
2295,18.6827696700371
2296,18.6753163673634
2297,18.6678660381009
2298,18.6604186810637
2299,18.6529742950658
2300,18.6455328789223
2301,18.6380944314483
2302,18.6306589514597
2303,18.6232264377726
2304,18.6157968892037
2305,18.6083703045702
2306,18.6009466826898
2307,18.5935260223806
2308,18.5861083224611
2309,18.5786935817504
2310,18.571281799068
2311,18.563872973234
2312,18.5564671030687
2313,18.5490641873931
2314,18.5416642250287
2315,18.5342672147973
2316,18.5268731555211
2317,18.5194820460232
2318,18.5120938851267
2319,18.5047086716553
2320,18.4973264044334
2321,18.4899470822855
2322,18.4825707040369
2323,18.4751972685131
2324,18.4678267745404
2325,18.4604592209451
2326,18.4530946065544
2327,18.4457329301957
2328,18.438374190697
2329,18.4310183868867
2330,18.4236655175938
2331,18.4163155816476
2332,18.4089685778779
2333,18.4016245051149
2334,18.3942833621896
2335,18.3869451479331
2336,18.3796098611771
2337,18.3722775007537
2338,18.3649480654956
2339,18.3576215542359
2340,18.3502979658081
2341,18.3429772990463
2342,18.3356595527848
2343,18.3283447258588
2344,18.3210328171035
2345,18.313723825355
2346,18.3064177494494
2347,18.2991145882236
2348,18.2918143405149
2349,18.2845170051611
2350,18.2772225810002
2351,18.269931066871
2352,18.2626424616126
2353,18.2553567640646
2354,18.248073973067
2355,18.2407940874603
2356,18.2335171060855
2357,18.226243027784
2358,18.2189718513978
2359,18.2117035757692
2360,18.2044381997409
2361,18.1971757221563
2362,18.1899161418592
2363,18.1826594576937
2364,18.1754056685044
2365,18.1681547731366
2366,18.1609067704357
2367,18.1536616592479
2368,18.1464194384196
2369,18.1391801067978
2370,18.13194366323
2371,18.1247101065639
2372,18.1174794356479
2373,18.1102516493309
2374,18.1030267464621
2375,18.0958047258912
2376,18.0885855864684
2377,18.0813693270444
2378,18.0741559464701
2379,18.0669454435972
2380,18.0597378172777
2381,18.0525330663641
2382,18.0453311897092
2383,18.0381321861664
2384,18.0309360545897
2385,18.0237427938332
2386,18.0165524027518
2387,18.0093648802006
2388,18.0021802250353
2389,17.994998436112
2390,17.9878195122874
2391,17.9806434524184
2392,17.9734702553625
2393,17.9662999199776
2394,17.9591324451223
2395,17.9519678296553
2396,17.9448060724359
2397,17.9376471723239
2398,17.9304911281795
2399,17.9233379388634
2400,17.9161876032367
2401,17.909040120161
2402,17.9018954884984
2403,17.8947537071113
2404,17.8876147748626
2405,17.8804786906158
2406,17.8733454532347
2407,17.8662150615837
2408,17.8590875145274
2409,17.851962810931
2410,17.8448409496603
2411,17.8377219295814
2412,17.8306057495608
2413,17.8234924084655
2414,17.816381905163
2415,17.8092742385212
2416,17.8021694074084
2417,17.7950674106937
2418,17.787968247246
2419,17.7808719159353
2420,17.7737784156317
2421,17.7666877452058
2422,17.7595999035286
2423,17.7525148894718
2424,17.7454327019073
2425,17.7383533397074
2426,17.7312768017452
2427,17.7242030868938
2428,17.7171321940272
2429,17.7100641220194
2430,17.7029988697452
2431,17.6959364360798
2432,17.6888768198985
2433,17.6818200200776
2434,17.6747660354934
2435,17.6677148650229
2436,17.6606665075434
2437,17.6536209619328
2438,17.6465782270692
2439,17.6395383018314
2440,17.6325011850986
2441,17.6254668757503
2442,17.6184353726666
2443,17.611406674728
2444,17.6043807808154
2445,17.5973576898102
2446,17.5903374005943
2447,17.5833199120498
2448,17.5763052230596
2449,17.5692933325068
2450,17.562284239275
2451,17.5552779422482
2452,17.548274440311
2453,17.5412737323484
2454,17.5342758172456
2455,17.5272806938886
2456,17.5202883611637
2457,17.5132988179574
2458,17.5063120631571
2459,17.4993280956504
2460,17.4923469143252
2461,17.4853685180701
2462,17.4783929057741
2463,17.4714200763265
2464,17.4644500286171
2465,17.4574827615363
2466,17.4505182739747
2467,17.4435565648235
2468,17.4365976329743
2469,17.4296414773191
2470,17.4226880967504
2471,17.4157374901612
2472,17.4087896564448
2473,17.401844594495
2474,17.3949023032061
2475,17.3879627814727
2476,17.3810260281901
2477,17.3740920422536
2478,17.3671608225595
2479,17.3602323680041
2480,17.3533066774842
2481,17.3463837498974
2482,17.3394635841412
2483,17.332546179114
2484,17.3256315337144
2485,17.3187196468414
2486,17.3118105173946
2487,17.304904144274
2488,17.2980005263799
2489,17.2910996626133
2490,17.2842015518754
2491,17.2773061930679
2492,17.270413585093
2493,17.2635237268532
2494,17.2566366172517
2495,17.2497522551919
2496,17.2428706395777
2497,17.2359917693134
2498,17.2291156433038
2499,17.2222422604542
2500,17.2153716196702
2501,17.2085037198579
2502,17.2016385599238
2503,17.194776138775
2504,17.1879164553187
2505,17.1810595084629
2506,17.1742052971158
2507,17.1673538201861
2508,17.1605050765829
2509,17.153659065216
2510,17.1468157849951
2511,17.1399752348309
2512,17.1331374136342
2513,17.1263023203163
2514,17.119469953789
2515,17.1126403129644
2516,17.1058133967552
2517,17.0989892040744
2518,17.0921677338355
2519,17.0853489849525
2520,17.0785329563397
2521,17.0717196469118
2522,17.0649090555841
2523,17.0581011812723
2524,17.0512960228924
2525,17.0444935793609
2526,17.0376938495948
2527,17.0308968325116
2528,17.0241025270289
2529,17.017310932065
2530,17.0105220465387
2531,17.003735869369
2532,16.9969523994755
2533,16.990171635778
2534,16.9833935771971
2535,16.9766182226536
2536,16.9698455710687
2537,16.9630756213641
2538,16.956308372462
2539,16.9495438232848
2540,16.9427819727556
2541,16.9360228197978
2542,16.9292663633353
2543,16.9225126022922
2544,16.9157615355933
2545,16.9090131621637
2546,16.902267480929
2547,16.8955244908151
2548,16.8887841907486
2549,16.8820465796561
2550,16.875311656465
2551,16.8685794201031
2552,16.8618498694983
2553,16.8551230035793
2554,16.848398821275
2555,16.8416773215149
2556,16.8349585032287
2557,16.8282423653468
2558,16.8215289067999
2559,16.8148181265189
2560,16.8081100234356
2561,16.8014045964818
2562,16.79470184459
2563,16.7880017666929
2564,16.7813043617239
2565,16.7746096286165
2566,16.7679175663049
2567,16.7612281737236
2568,16.7545414498076
2569,16.7478573934921
2570,16.7411760037131
2571,16.7344972794067
2572,16.7278212195096
2573,16.7211478229588
2574,16.7144770886918
2575,16.7078090156466
2576,16.7011436027615
2577,16.6944808489752
2578,16.687820753227
2579,16.6811633144564
2580,16.6745085316035
2581,16.6678564036087
2582,16.6612069294129
2583,16.6545601079575
2584,16.647915938184
2585,16.6412744190348
2586,16.6346355494523
2587,16.6279993283795
2588,16.6213657547599
2589,16.6147348275372
2590,16.6081065456558
2591,16.6014809080603
2592,16.5948579136958
2593,16.5882375615077
2594,16.5816198504422
2595,16.5750047794454
2596,16.5683923474642
2597,16.5617825534459
2598,16.5551753963379
2599,16.5485708750883
2600,16.5419689886456
2601,16.5353697359587
2602,16.5287731159769
2603,16.5221791276498
2604,16.5155877699276
2605,16.5089990417609
2606,16.5024129421007
2607,16.4958294698982
2608,16.4892486241054
2609,16.4826704036744
2610,16.476094807558
2611,16.4695218347091
2612,16.4629514840812
2613,16.4563837546283
2614,16.4498186453046
2615,16.4432561550649
2616,16.4366962828643
2617,16.4301390276584
2618,16.4235843884032
2619,16.4170323640551
2620,16.4104829535708
2621,16.4039361559077
2622,16.3973919700233
2623,16.3908503948757
2624,16.3843114294235
2625,16.3777750726254
2626,16.3712413234409
2627,16.3647101808295
2628,16.3581816437516
2629,16.3516557111675
2630,16.3451323820383
2631,16.3386116553254
2632,16.3320935299906
2633,16.325578004996
2634,16.3190650793043
2635,16.3125547518786
2636,16.3060470216823
2637,16.2995418876792
2638,16.2930393488336
2639,16.2865394041103
2640,16.2800420524743
2641,16.2735472928911
2642,16.2670551243268
2643,16.2605655457475
2644,16.2540785561201
2645,16.2475941544118
2646,16.2411123395901
2647,16.234633110623
2648,16.2281564664789
2649,16.2216824061267
2650,16.2152109285355
2651,16.2087420326751
2652,16.2022757175153
2653,16.1958119820268
2654,16.1893508251803
2655,16.1828922459472
2656,16.1764362432992
2657,16.1699828162083
2658,16.163531963647
2659,16.1570836845883
2660,16.1506379780056
2661,16.1441948428725
2662,16.1377542781631
2663,16.1313162828522
2664,16.1248808559145
2665,16.1184479963256
2666,16.1120177030611
2667,16.1055899750973
2668,16.0991648114108
2669,16.0927422109786
2670,16.0863221727781
2671,16.0799046957872
2672,16.073489778984
2673,16.0670774213472
2674,16.0606676218559
2675,16.0542603794895
2676,16.0478556932279
2677,16.0414535620513
2678,16.0350539849405
2679,16.0286569608764
2680,16.0222624888407
2681,16.0158705678152
2682,16.0094811967822
2683,16.0030943747244
2684,15.996710100625
2685,15.9903283734673
2686,15.9839491922355
2687,15.9775725559138
2688,15.9711984634869
2689,15.96482691394
2690,15.9584579062586
2691,15.9520914394287
2692,15.9457275124366
2693,15.9393661242692
2694,15.9330072739135
2695,15.9266509603571
2696,15.920297182588
2697,15.9139459395946
2698,15.9075972303657
2699,15.9012510538904
2700,15.8949074091583
2701,15.8885662951594
2702,15.8822277108841
2703,15.8758916553233
2704,15.869558127468
2705,15.8632271263099
2706,15.856898650841
2707,15.8505727000537
2708,15.8442492729409
2709,15.8379283684956
2710,15.8316099857116
2711,15.8252941235828
2712,15.8189807811036
2713,15.8126699572689
2714,15.8063616510739
2715,15.8000558615141
2716,15.7937525875857
2717,15.787451828285
2718,15.7811535826088
2719,15.7748578495544
2720,15.7685646281194
2721,15.7622739173017
2722,15.7559857160999
2723,15.7497000235126
2724,15.7434168385392
2725,15.7371361601793
2726,15.7308579874328
2727,15.7245823193002
2728,15.7183091547823
2729,15.7120384928802
2730,15.7057703325957
2731,15.6995046729307
2732,15.6932415128876
2733,15.6869808514693
2734,15.6807226876788
2735,15.6744670205199
2736,15.6682138489965
2737,15.661963172113
2738,15.6557149888742
2739,15.6494692982853
2740,15.6432260993518
2741,15.6369853910798
2742,15.6307471724756
2743,15.6245114425461
2744,15.6182782002983
2745,15.6120474447398
2746,15.6058191748786
2747,15.5995933897231
2748,15.593370088282
2749,15.5871492695645
2750,15.5809309325801
2751,15.5747150763387
2752,15.5685016998507
2753,15.5622908021267
2754,15.5560823821781
2755,15.5498764390161
2756,15.5436729716528
2757,15.5374719791005
2758,15.5312734603719
2759,15.52507741448
2760,15.5188838404383
2761,15.5126927372608
2762,15.5065041039617
2763,15.5003179395556
2764,15.4941342430577
2765,15.4879530134834
2766,15.4817742498485
2767,15.4755979511693
2768,15.4694241164624
2769,15.4632527447448
2770,15.457083835034
2771,15.4509173863477
2772,15.4447533977042
2773,15.438591868122
2774,15.4324327966202
2775,15.426276182218
2776,15.4201220239354
2777,15.4139703207923
2778,15.4078210718095
2779,15.4016742760077
2780,15.3955299324084
2781,15.3893880400333
2782,15.3832485979044
2783,15.3771116050444
2784,15.3709770604759
2785,15.3648449632225
2786,15.3587153123076
2787,15.3525881067554
2788,15.3464633455903
2789,15.3403410278372
2790,15.3342211525213
2791,15.3281037186681
2792,15.3219887253038
2793,15.3158761714547
2794,15.3097660561475
2795,15.3036583784095
2796,15.2975531372682
2797,15.2914503317515
2798,15.2853499608879
2799,15.2792520237059
2800,15.2731565192347
2801,15.2670634465039
2802,15.2609728045432
2803,15.254884592383
2804,15.2487988090539
2805,15.242715453587
2806,15.2366345250136
2807,15.2305560223657
2808,15.2244799446753
2809,15.2184062909752
2810,15.2123350602982
2811,15.2062662516778
2812,15.2001998641476
2813,15.1941358967418
2814,15.188074348495
2815,15.182015218442
2816,15.1759585056181
2817,15.1699042090589
2818,15.1638523278007
2819,15.1578028608796
2820,15.1517558073327
2821,15.1457111661972
2822,15.1396689365105
2823,15.1336291173107
2824,15.1275917076361
2825,15.1215567065256
2826,15.1155241130181
2827,15.1094939261533
2828,15.1034661449711
2829,15.0974407685116
2830,15.0914177958156
2831,15.0853972259241
2832,15.0793790578785
2833,15.0733632907207
2834,15.0673499234928
2835,15.0613389552374
2836,15.0553303849975
2837,15.0493242118164
2838,15.0433204347378
2839,15.0373190528058
2840,15.0313200650649
2841,15.02532347056
2842,15.0193292683362
2843,15.0133374574393
2844,15.0073480369153
2845,15.0013610058104
2846,14.9953763631715
2847,14.9893941080458
2848,14.9834142394807
2849,14.9774367565242
2850,14.9714616582245
2851,14.9654889436303
2852,14.9595186117907
2853,14.9535506617551
2854,14.9475850925732
2855,14.9416219032953
2856,14.935661092972
2857,14.9297026606541
2858,14.923746605393
2859,14.9177929262404
2860,14.9118416222484
2861,14.9058926924694
2862,14.8999461359562
2863,14.8940019517622
2864,14.8880601389407
2865,14.8821206965459
2866,14.876183623632
2867,14.8702489192538
2868,14.8643165824664
2869,14.8583866123252
2870,14.8524590078861
2871,14.8465337682053
2872,14.8406108923395
2873,14.8346903793456
2874,14.8287722282809
2875,14.8228564382033
2876,14.8169430081707
2877,14.8110319372418
2878,14.8051232244753
2879,14.7992168689304
2880,14.7933128696669
2881,14.7874112257447
2882,14.7815119362241
2883,14.7756150001659
2884,14.7697204166311
2885,14.7638281846814
2886,14.7579383033785
2887,14.7520507717846
2888,14.7461655889624
2889,14.7402827539749
2890,14.7344022658854
2891,14.7285241237576
2892,14.7226483266557
2893,14.7167748736441
2894,14.7109037637876
2895,14.7050349961516
2896,14.6991685698015
2897,14.6933044838034
2898,14.6874427372236
2899,14.6815833291288
2900,14.6757262585861
2901,14.6698715246629
2902,14.6640191264271
2903,14.6581690629469
2904,14.6523213332908
2905,14.6464759365279
2906,14.6406328717273
2907,14.6347921379589
2908,14.6289537342926
2909,14.6231176597989
2910,14.6172839135486
2911,14.6114524946128
2912,14.6056234020632
2913,14.5997966349716
2914,14.5939721924102
2915,14.5881500734519
2916,14.5823302771694
2917,14.5765128026364
2918,14.5706976489265
2919,14.5648848151138
2920,14.5590743002729
2921,14.5532661034786
2922,14.5474602238062
2923,14.5416566603313
2924,14.5358554121298
2925,14.5300564782781
2926,14.5242598578529
2927,14.5184655499313
2928,14.5126735535907
2929,14.506883867909
2930,14.5010964919644
2931,14.4953114248353
2932,14.4895286656008
2933,14.4837482133401
2934,14.4779700671328
2935,14.472194226059
2936,14.4664206891992
2937,14.4606494556339
2938,14.4548805244444
2939,14.4491138947122
2940,14.4433495655191
2941,14.4375875359473
2942,14.4318278050794
2943,14.4260703719984
2944,14.4203152357876
2945,14.4145623955307
2946,14.4088118503117
2947,14.4030635992151
2948,14.3973176413256
2949,14.3915739757284
2950,14.385832601509
2951,14.3800935177533
2952,14.3743567235475
2953,14.3686222179783
2954,14.3628900001325
2955,14.3571600690976
2956,14.3514324239612
2957,14.3457070638114
2958,14.3399839877366
2959,14.3342631948257
2960,14.3285446841677
2961,14.3228284548523
2962,14.3171145059692
2963,14.3114028366087
2964,14.3056934458614
2965,14.2999863328184
2966,14.2942814965708
2967,14.2885789362105
2968,14.2828786508295
2969,14.2771806395202
2970,14.2714849013753
2971,14.2657914354881
2972,14.2601002409521
2973,14.254411316861
2974,14.2487246623092
2975,14.2430402763911
2976,14.2373581582019
2977,14.2316783068367
2978,14.2260007213913
2979,14.2203254009617
2980,14.2146523446443
2981,14.2089815515359
2982,14.2033130207334
2983,14.1976467513346
2984,14.1919827424371
2985,14.1863209931391
2986,14.1806615025393
2987,14.1750042697365
2988,14.1693492938301
2989,14.1636965739195
2990,14.158046109105
2991,14.1523978984867
2992,14.1467519411654
2993,14.1411082362422
2994,14.1354667828185
2995,14.129827579996
2996,14.1241906268771
2997,14.118555922564
2998,14.1129234661598
2999,14.1072932567675
3000,14.1016652934909
3001,14.0960395754338
3002,14.0904161017005
3003,14.0847948713957
3004,14.0791758836244
3005,14.0735591374919
3006,14.067944632104
3007,14.0623323665667
3008,14.0567223399865
3009,14.0511145514702
3010,14.0455090001249
3011,14.0399056850581
3012,14.0343046053776
3013,14.0287057601918
3014,14.0231091486091
3015,14.0175147697386
3016,14.0119226226894
3017,14.0063327065712
3018,14.000745020494
3019,13.9951595635681
3020,13.9895763349043
3021,13.9839953336136
3022,13.9784165588075
3023,13.9728400095976
3024,13.9672656850961
3025,13.9616935844155
3026,13.9561237066686
3027,13.9505560509687
3028,13.9449906164291
3029,13.9394274021639
3030,13.9338664072872
3031,13.9283076309137
3032,13.9227510721584
3033,13.9171967301364
3034,13.9116446039635
3035,13.9060946927557
3036,13.9005469956293
3037,13.8950015117011
3038,13.8894582400882
3039,13.8839171799078
3040,13.8783783302779
3041,13.8728416903166
3042,13.8673072591422
3043,13.8617750358737
3044,13.8562450196302
3045,13.8507172095313
3046,13.8451916046968
3047,13.8396682042469
3048,13.8341470073024
3049,13.8286280129839
3050,13.823111220413
3051,13.8175966287111
3052,13.8120842370004
3053,13.806574044403
3054,13.8010660500418
3055,13.7955602530397
3056,13.7900566525201
3057,13.7845552476068
3058,13.7790560374239
3059,13.7735590210957
3060,13.7680641977471
3061,13.7625715665032
3062,13.7570811264895
3063,13.7515928768318
3064,13.7461068166562
3065,13.7406229450894
3066,13.7351412612582
3067,13.7296617642899
3068,13.7241844533119
3069,13.7187093274522
3070,13.7132363858391
3071,13.7077656276012
3072,13.7022970518675
3073,13.6968306577673
3074,13.6913664444302
3075,13.6859044109862
3076,13.6804445565657
3077,13.6749868802995
3078,13.6695313813185
3079,13.6640780587541
3080,13.6586269117381
3081,13.6531779394025
3082,13.6477311408799
3083,13.642286515303
3084,13.6368440618048
3085,13.6314037795189
3086,13.6259656675791
3087,13.6205297251196
3088,13.6150959512748
3089,13.6096643451797
3090,13.6042349059693
3091,13.5988076327794
3092,13.5933825247456
3093,13.5879595810044
3094,13.5825388006921
3095,13.5771201829459
3096,13.5717037269029
3097,13.5662894317008
3098,13.5608772964774
3099,13.5554673203712
3100,13.5500595025207
3101,13.544653842065
3102,13.5392503381433
3103,13.5338489898953
3104,13.5284497964611
3105,13.523052756981
3106,13.5176578705957
3107,13.5122651364463
3108,13.5068745536741
3109,13.5014861214208
3110,13.4960998388287
3111,13.4907157050399
3112,13.4853337191974
3113,13.4799538804442
3114,13.4745761879238
3115,13.4692006407798
3116,13.4638272381566
3117,13.4584559791985
3118,13.4530868630502
3119,13.4477198888571
3120,13.4423550557646
3121,13.4369923629184
3122,13.4316318094648
3123,13.4262733945503
3124,13.4209171173217
3125,13.4155629769262
3126,13.4102109725113
3127,13.404861103225
3128,13.3995133682155
3129,13.3941677666312
3130,13.3888242976211
3131,13.3834829603344
3132,13.3781437539206
3133,13.3728066775298
3134,13.3674717303121
3135,13.3621389114182
3136,13.3568082199988
3137,13.3514796552054
3138,13.3461532161896
3139,13.3408289021031
3140,13.3355067120985
3141,13.3301866453282
3142,13.3248687009452
3143,13.3195528781028
3144,13.3142391759547
3145,13.3089275936548
3146,13.3036181303574
3147,13.2983107852172
3148,13.2930055573892
3149,13.2877024460286
3150,13.2824014502911
3151,13.2771025693328
3152,13.2718058023099
3153,13.2665111483792
3154,13.2612186066976
3155,13.2559281764224
3156,13.2506398567114
3157,13.2453536467225
3158,13.2400695456141
3159,13.2347875525449
3160,13.2295076666739
3161,13.2242298871605
3162,13.2189542131643
3163,13.2136806438454
3164,13.2084091783641
3165,13.2031398158811
3166,13.1978725555575
3167,13.1926073965546
3168,13.1873443380341
3169,13.182083379158
3170,13.1768245190888
3171,13.1715677569891
3172,13.166313092022
3173,13.1610605233508
3174,13.1558100501392
3175,13.1505616715513
3176,13.1453153867515
3177,13.1400711949043
3178,13.134829095175
3179,13.1295890867288
3180,13.1243511687315
3181,13.119115340349
3182,13.1138816007479
3183,13.1086499490947
3184,13.1034203845564
3185,13.0981929063006
3186,13.0929675134948
3187,13.0877442053071
3188,13.0825229809059
3189,13.0773038394598
3190,13.0720867801379
3191,13.0668718021095
3192,13.0616589045443
3193,13.0564480866124
3194,13.0512393474841
3195,13.04603268633
3196,13.0408281023213
3197,13.0356255946292
3198,13.0304251624254
3199,13.0252268048818
3200,13.020030521171
3201,13.0148363104654
3202,13.0096441719382
3203,13.0044541047626
3204,12.9992661081123
3205,12.9940801811612
3206,12.9888963230838
3207,12.9837145330545
3208,12.9785348102485
3209,12.973357153841
3210,12.9681815630076
3211,12.9630080369243
3212,12.9578365747674
3213,12.9526671757135
3214,12.9474998389395
3215,12.9423345636228
3216,12.9371713489409
3217,12.9320101940717
3218,12.9268510981936
3219,12.921694060485
3220,12.916539080125
3221,12.9113861562927
3222,12.9062352881678
3223,12.90108647493
3224,12.8959397157598
3225,12.8907950098375
3226,12.885652356344
3227,12.8805117544607
3228,12.8753732033689
3229,12.8702367022507
3230,12.865102250288
3231,12.8599698466635
3232,12.8548394905601
3233,12.8497111811607
3234,12.844584917649
3235,12.8394606992088
3236,12.8343385250242
3237,12.8292183942796
3238,12.8241003061598
3239,12.8189842598501
3240,12.8138702545357
3241,12.8087582894025
3242,12.8036483636366
3243,12.7985404764244
3244,12.7934346269525
3245,12.7883308144082
3246,12.7832290379787
3247,12.7781292968518
3248,12.7730315902155
3249,12.7679359172582
3250,12.7628422771686
